모델명,연비,연료타입,차급,외형,엔진,가격,이미지,출력
 2010 BMW X6(1세대),7.0~10.5km/ℓ,"가솔린,가솔린/하이브리드,디젤",중형,SUV,4WD,15380,http://file.carisyou.com/newcar/color/4000_bmw_x62010_100.jpg,235마력
 2011 볼보 S80(2세대),7.9km/ℓ,가솔린,중형,세단,4WD,8080,http://file.carisyou.com/newcar/color/3999_volvo_news802011_100.jpg,304마력
 2011 기아 포르테 해치백,13.0~16.6km/ℓ,가솔린,준중형,해치백,FF,1865,http://file.carisyou.com/newcar/color/3998_kia_fortehatchback2011_100.jpg,140마력
 2011 인피니티 QX(2세대),6.3km/ℓ,가솔린,대형,SUV,4WD,12180,http://file.carisyou.com/newcar/color/3997_infiniti_qx2011_100.jpg,405마력
 2010 볼보 XC90(1세대),7.8~10.2km/ℓ,"가솔린,디젤",준대형,SUV,4WD,7260,http://file.carisyou.com/newcar/color/3996_volvo_xc902010_0.jpg,185마력
 2011 지프 그랜드 체로키(4세대),7.7~10.7km/ℓ,"가솔린,디젤",중형,SUV,4WD,6840,http://file.carisyou.com/newcar/color/3995_jeep_newgrandcherokee2011_100.jpg,286마력
 2010 포르쉐 박스터(2세대),9.0km/ℓ,가솔린,준중형,컨버터블,MR,19600,http://file.carisyou.com/newcar/color/3994_porsche_boxster2010_100.jpg,320마력
 2011 미니 미니 컨트리맨(1세대),12.0~13.4km/ℓ,"가솔린,디젤",소형,SUV,FF,5160,http://file.carisyou.com/newcar/color/3993_mini_countyman2011_100.jpg,112마력
 2011 재규어 XF(1세대),7.6km/ℓ,가솔린,중형,세단,FR,8390,http://file.carisyou.com/newcar/color/3992_jaguar_xf2011_100.jpg,385마력
 2010 폭스바겐 파사트(6세대),15.1km/ℓ,디젤,중형,세단,FF,4530,http://file.carisyou.com/newcar/color/3991_volkswagen_newpassat2010_100.jpg,140마력
 2010 람보르기니 가야르도,5.7~6.3km/ℓ,가솔린,중형,쿠페,MR,39500,http://file.carisyou.com/newcar/color/3990_lamborghini_gallardo2010_100.jpg,550마력
 2010 푸조 207,13.8km/ℓ,가솔린,소형,"컨버터블,해치백외형전체>",FF,3410,http://file.carisyou.com/newcar/color/3989_peugeot_207millesim2010_100.jpg,120마력
 2010 캐딜락 CTS-V(2세대),6.0km/ℓ,가솔린,중형,세단,FR,12000,http://file.carisyou.com/newcar/color/3988_cadillac_newcts-v2010_100.jpg,556마력
 2011 기아 쏘렌토R,7.9~15.0km/ℓ,"가솔린,디젤,엘피지",중형,SUV,FF,3802,http://file.carisyou.com/newcar/color/3987_kia_sorentor2011_100.jpg,175마력
 2011 한국지엠 마티즈 크리에이티브,13.6~21.0km/ℓ,"가솔린,엘피지",경형,해치백,FF,1231,http://file.carisyou.com/newcar/color/3986_gmdaewoo_matizcreative2011_100.jpg,70마력
 2011 르노코리아 QM5,11.8~13.8km/ℓ,"가솔린,디젤",준중형,SUV,FF,3180,http://file.carisyou.com/newcar/color/3985_renaultsamsung_qm52011_100.jpg,171마력
 2010 벤츠 SLS AMG,6.3km/ℓ,가솔린,중형,쿠페,FR,28260,http://file.carisyou.com/newcar/color/3984_benz_slsamg2010_100.jpg,571마력
 2011 현대 아반떼 LPi 하이브리드(HD),14.0km/ℓ,엘피지/하이브리드,준중형,세단,FF,2324,http://file.carisyou.com/upload/2019/07/24/FILE_201907240136330750.png,114마력
 2010 페라리 458 이탈리아,5.6km/ℓ,가솔린,중형,쿠페,MR,37900,http://file.carisyou.com/newcar/color/3982_ferrari_458italia2010_100.jpg,570마력
 2011 쉐보레 카마로,9.1km/ℓ,가솔린,중형,쿠페,FR,4800,http://file.carisyou.com/newcar/color/3981_chevrolet_camaro2010_100.jpg,312마력
 2011 폭스바겐 제타(6세대),16.0~19.1km/ℓ,디젤,준중형,세단,FF,3540,http://file.carisyou.com/newcar/color/3979_volkswagen_newjetta2011_100.jpg,105마력
 2011 기아 뉴 카렌스,7.7~10.6km/ℓ,"가솔린,엘피지",준중형,RV,FF,2402,http://file.carisyou.com/newcar/color/3978_kia_newcarens2011_100.jpg,141마력
 2011 현대 쏘나타(YF),10.5~13.6km/ℓ,"가솔린,엘피지",중형,세단,FF,3000,http://file.carisyou.com/upload/2019/07/18/FILE_201907180511042170.png,165마력
 2010 포르쉐 카이엔(2세대),6.7~11.7km/ℓ,"가솔린,가솔린/하이브리드,디젤",중형,SUV,4WD,14940,http://file.carisyou.com/newcar/color/3976_porsche_newcayenne2010_100.jpg,245마력
 2010 BMW 5시리즈 그란 투리스모(6세대),9.8km/ℓ,가솔린,대형,해치백,FR,10390,http://file.carisyou.com/newcar/color/3975_bmw_granturismo2010_100.jpg,306마력
 2011 르노코리아 SM7 뉴아트,9.0~9.8km/ℓ,가솔린,준대형,세단,FF,3760,http://file.carisyou.com/newcar/color/3974_renaultsamsung_sm7newart2011_100.jpg,170마력
 2011 기아 쏘울,12.9~19.8km/ℓ,"가솔린,디젤",준중형,RV,FF,2222,http://file.carisyou.com/newcar/color/3973_kia_soul2011_100.jpg,124마력
 2010 현대 제네시스,9.6~10.0km/ℓ,가솔린,준대형,세단,FR,6021,http://file.carisyou.com/newcar/color/3972_hyundai_genesis2011_100.jpg,262마력
 2011 현대 제네시스 쿠페,9.2~11.0km/ℓ,가솔린,중형,쿠페,FR,3802,http://file.carisyou.com/upload/2019/07/23/FILE_201907231052312460.png,210마력
 2010 아우디 A5(1세대),9.1~11.5km/ℓ,가솔린,준중형,컨버터블,FF,7180,http://file.carisyou.com/newcar/color/3969_audi_a52010_100.jpg,211마력
 2010 스마트 포투(2세대),20.4km/ℓ,가솔린,경형,"컨버터블,해치백외형전체>",RR,2880,http://file.carisyou.com/newcar/color/3968_smart_fortwo2010_100.jpg,84마력
 2011 인피니티 M(4세대),8.2~9.5km/ℓ,가솔린,중형,세단,FR,8460,http://file.carisyou.com/newcar/color/3967_infiniti_newm2010_100.jpg,333마력
 2010 BMW X5(2세대),7.0~11.6km/ℓ,"가솔린,디젤",중형,SUV,4WD,12690,http://file.carisyou.com/newcar/color/3966_bmw_x52010_100.jpg,245마력
 2010 아우디 Q5(1세대),12.8km/ℓ,디젤,중형,SUV,4WD,7140,http://file.carisyou.com/newcar/color/3965_audi_q52010_100.jpg,240마력
 2010 재규어 XJ(4세대),6.9~12.7km/ℓ,"가솔린,디젤",대형,세단,FR,21460,http://file.carisyou.com/newcar/color/3964_jaguar_newxj2010_100.jpg,275마력
 2011 현대 투싼 iX,11.7~17.4km/ℓ,"가솔린,디젤",준중형,SUV,FF,2971,http://file.carisyou.com/newcar/color/3963_hyundai_tucsonix2011_0.jpg,166마력
 2011 현대 싼타페 더 스타일,7.9~15.5km/ℓ,"가솔린,디젤,엘피지",중형,SUV,FF,3456,http://file.carisyou.com/upload/2019/07/18/FILE_201907180404120660.png,184마력
 2011 현대 베라크루즈,8.1~11.0km/ℓ,"가솔린,디젤",준대형,SUV,FF,4564,http://file.carisyou.com/newcar/color/3961_hyundai_veracruz2011_100.jpg,245마력
 2011 현대 i30cw,15.0~22.0km/ℓ,"가솔린,디젤",준중형,왜건,FF,2210,http://file.carisyou.com/upload/2019/07/23/FILE_201907230445279390.png,124마력
 2011 현대 i30(FD),12.4~20.5km/ℓ,"가솔린,디젤",준중형,해치백,FF,2057,http://file.carisyou.com/newcar/color/3959_hyundai_i302011_100.jpg,124마력
 2011 르노코리아 뉴 SM3,13.2~16.3km/ℓ,가솔린,준중형,세단,FF,1970,http://file.carisyou.com/newcar/color/3958_renaultsamsung_newsm32011_100.jpg,112마력
 2011 현대 아반떼(MD),12.0~17.5km/ℓ,"가솔린,엘피지",준중형,세단,FF,1990,http://file.carisyou.com/upload/2019/07/18/FILE_201907180123402480.png,140마력
 2010 기아 K5,10.0~13.8km/ℓ,"가솔린,엘피지",중형,세단,FF,2965,http://file.carisyou.com/upload/2019/07/18/FILE_201907180136510170.png,165마력
 2010 스바루 포레스터(3세대),9.9km/ℓ,가솔린,준중형,SUV,4WD,3790,http://file.carisyou.com/newcar/color/3955_subaru_forester2010_100.jpg,172마력
 2010 스바루 아웃백(4세대),9.1~10.9km/ℓ,가솔린,중형,SUV,4WD,4790,http://file.carisyou.com/newcar/color/3954_subaru_outback2010_100.jpg,172마력
 2010 스바루 레거시(5세대),9.1~11.2km/ℓ,가솔린,중형,세단,4WD,4190,http://file.carisyou.com/newcar/color/3953_subaru_legacy2010_100.jpg,172마력
 2010 한국지엠 알페온,9.3~10.6km/ℓ,가솔린,준대형,세단,FF,4087,http://file.carisyou.com/newcar/color/3952_gmdaewoo_alpheon2010_100.jpg,185마력
 2010 벤츠 CLS클래스(1세대),8.7km/ℓ,가솔린,준대형,세단,FR,17200,http://file.carisyou.com/newcar/color/3951_benz_newcls-class2010_100.jpg,272마력
 2011 마세라티 그란카브리오,6.5km/ℓ,가솔린,중형,컨버터블,FR,23540,http://file.carisyou.com/newcar/color/3950_maserati_grancabrio2010_100.jpg,440마력
 2010 미니 미니 클럽맨(1세대),12.1km/ℓ,가솔린,소형,해치백,FF,4780,http://file.carisyou.com/newcar/color/3949_mini_newminiclubman2010_100.jpg,192마력
 2010 미니 미니 컨버터블(2세대),12.1km/ℓ,가솔린,소형,컨버터블,FF,5150,http://file.carisyou.com/newcar/color/3948_mini_newminiconvertible2010_100.jpg,192마력
 2010 미쓰비시 아웃랜더(2세대),9.5~10.7km/ℓ,가솔린,중형,SUV,4WD,4090,http://file.carisyou.com/newcar/color/3947_mitsubishi_outlander2010_100.jpg,170마력
 2010 푸조 3008(1세대),14.1~19.5km/ℓ,디젤,준중형,SUV,FF,4290,http://file.carisyou.com/newcar/color/3946_peugeot_30082010_100.jpg,110마력
 2010 기아 스포티지R,12.1~15.6km/ℓ,"가솔린,디젤",준중형,SUV,FF,3000,http://file.carisyou.com/newcar/color/3945_kia_sportager2010_100.jpg,166마력
 2010 미쓰비시 랜서 에볼루션,8.1km/ℓ,가솔린,준중형,세단,4WD,5950,http://file.carisyou.com/newcar/color/3944_mitsubishi_lancerevolution2010_100.jpg,295마력
 2010 아우디 A6(6세대),8.0~10.8km/ℓ,가솔린,중형,세단,FF,8060,http://file.carisyou.com/newcar/color/3943_audi_a62010_0.jpg,170마력
 2009 아우디 S8(2세대),6.8km/ℓ,가솔린,대형,세단,4WD,18470,http://file.carisyou.com/newcar/color/3942_audi_s82009_0.jpg,450마력
 2009 아우디 A8(2세대),7.5~8.1km/ℓ,가솔린,대형,세단,4WD,15180,http://file.carisyou.com/newcar/color/3941_audi_newa82009_100.jpg,260마력
 2009 푸조 207,12.4~12.5km/ℓ,가솔린,소형,"왜건,컨버터블,해치백외형전체>",FF,3850,http://file.carisyou.com/newcar/color/3940_peugeot_2072009_100.jpg,120마력
 2009 크라이슬러 그랜드 보이저(5세대),7.1km/ℓ,가솔린,대형,RV,FF,5630,http://file.carisyou.com/newcar/color/3939_chrysler_newgrandvoyager2009_0.jpg,202마력
 2010 BMW 5시리즈(6세대),7.3~18.7km/ℓ,"가솔린,디젤",중형,세단,FR,11990,http://file.carisyou.com/newcar/color/3937_bmw_new5series2010_100.jpg,204마력
 2010 BMW X1(1세대),14.1~15.6km/ℓ,디젤,준중형,SUV,4WD,6230,http://file.carisyou.com/newcar/color/3936_bmw_x12010_100.jpg,143마력
 2010 랜드로버 레인지로버(3세대),8.8km/ℓ,"가솔린,디젤",대형,SUV,4WD,17070,http://file.carisyou.com/newcar/color/3935_landrover_newrangerover2010_100.jpg,272마력
 2010 폭스바겐 제타(5세대),17.3km/ℓ,디젤,준중형,세단,FF,3320,http://file.carisyou.com/newcar/color/3934_volkswagen_jetta2010_100.jpg,140마력
 2010 푸조 308(1세대),19.5~21.2km/ℓ,디젤,준중형,해치백,FF,3190,http://file.carisyou.com/newcar/color/3932_peugeot_3082010_100.jpg,110마력
 2010 현대 그랜드 스타렉스,7.6~11.6km/ℓ,"디젤,엘피지",소형,버스,FR,4892,http://file.carisyou.com/newcar/color/3931_hyundai_grandstarex2010_100.jpg,159마력
 2010 볼보 C30,9.5~10.3km/ℓ,가솔린,준중형,해치백,FF,4320,http://file.carisyou.com/newcar/color/3930_volvo_newc302010_100.jpg,170마력
 2009 링컨 타운카(3세대),7.7km/ℓ,가솔린,대형,세단,FR,7800,http://file.carisyou.com/newcar/color/3929_lincoln_towncar2009_100.jpg,242마력
 2010 링컨 MKZ(1세대),8.4km/ℓ,가솔린,중형,세단,FF,4380,http://file.carisyou.com/newcar/color/3928_lincoln_mkz2010_100.jpg,267마력
 2010 링컨 MKX(1세대),7.9km/ℓ,가솔린,중형,SUV,4WD,5700,http://file.carisyou.com/newcar/color/3927_lincoln_mkx2010_100.jpg,270마력
 2010 포드 이스케이프(2세대),10.0km/ℓ,가솔린,준중형,SUV,4WD,3950,http://file.carisyou.com/newcar/color/3926_ford_escape2010_100.jpg,173마력
 2009 포드 익스플로러(4세대),6.5km/ℓ,가솔린,대형,SUV,4WD,5110,http://file.carisyou.com/newcar/color/3925_ford_explorer2009_100.jpg,213마력
 2010 지프 컴패스(1세대),10.0km/ℓ,가솔린,준중형,SUV,4WD,3290,http://file.carisyou.com/newcar/color/3924_jeep_compass2010_0.jpg,172마력
 2010 미쓰비시 파제로(4세대),10.4km/ℓ,디젤,중형,SUV,4WD,6490,http://file.carisyou.com/newcar/color/3923_mitsubishi_pajero2010_0.jpg,200마력
 2010 르노코리아 뉴 SM5(L43),9.6~12.1km/ℓ,"가솔린,엘피지",중형,세단,FF,2650,http://file.carisyou.com/newcar/color/3922_renaultsamsung_newsm52010_100.jpg,141마력
 2010 벤틀리 컨티넨탈(1세대),5.4~5.9km/ℓ,가솔린,대형,"컨버터블,쿠페외형전체>",4WD,38000,http://file.carisyou.com/newcar/color/3921_bentley_continental2010_100.jpg,621마력
 2010 롤스로이스 고스트,6.3km/ℓ,가솔린,대형,세단,FR,39900,http://file.carisyou.com/newcar/color/3920_rolls-royce_ghost2010_100.jpg,563마력
 2010 마이바흐 62 제플린,5.2km/ℓ,가솔린,대형,세단,FR,80000,http://file.carisyou.com/newcar/color/3919_maybach_62zeppelin2010_100.jpg,640마력
 2010 BMW 3시리즈(5세대),8.7~17.6km/ℓ,"가솔린,디젤",준중형,"세단,컨버터블외형전체>",FR,8610,http://file.carisyou.com/newcar/color/3918_bmw_new3series2010_100.jpg,156마력
 2010 기아 뉴 카니발 R,6.8~12.9km/ℓ,"디젤,엘피지",대형,RV,FF,5442,http://file.carisyou.com/newcar/color/3917_kia_newcarnival2010_100.jpg,161마력
 2010 기아 그랜드 카니발 R,6.8~14.5km/ℓ,"디젤,엘피지",대형,RV,FF,5442,http://file.carisyou.com/newcar/color/3916_kia_grandcanival2010_100.jpg,197마력
 2010 인피니티 FX(2세대),7.2~7.9km/ℓ,가솔린,중형,SUV,4WD,8950,http://file.carisyou.com/newcar/color/3915_infiniti_newfx2010_0.jpg,307마력
 2010 인피니티 EX(1세대),8.3km/ℓ,가솔린,준중형,SUV,4WD,5680,http://file.carisyou.com/newcar/color/3914_infiniti_ex2010_0.jpg,302마력
 2010 미쓰비시 랜서,11.4km/ℓ,가솔린,준중형,세단,FF,2990,http://file.carisyou.com/newcar/color/3913_mitsubishi_newlancer2010_100.jpg,145마력
 2010 KGM 슈퍼 렉스턴,10.7~11.4km/ℓ,디젤,중형,SUV,FR,4014,http://file.carisyou.com/newcar/color/3912_ssangyong_superrexton2010_100.jpg,148마력
 2010 KGM 액티언 스포츠,11.6km/ℓ,디젤,중형,픽업트럭,FR,2566,http://file.carisyou.com/upload/2019/07/19/FILE_201907190459101820.png,145마력
 2010 KGM 액티언,11.9km/ℓ,디젤,준중형,SUV,FR,2762,http://file.carisyou.com/newcar/color/3910_ssangyong_actyon2010_100.jpg,142마력
 2010 KGM 뉴 카이런,10.7~11.2km/ℓ,디젤,중형,SUV,FR,3251,http://file.carisyou.com/newcar/color/3909_ssangyong_newkyron2010_100.jpg,148마력
 2010 KGM 체어맨 H,7.8~8.2km/ℓ,가솔린,대형,세단,FR,4299,http://file.carisyou.com/newcar/color/3908_ssangyong_chairmanh2010_100.jpg,197마력
 2010 캐딜락 STS,8.8km/ℓ,가솔린,대형,세단,FR,6580,http://file.carisyou.com/newcar/color/3907_cadillac_newsts2010_100.jpg,302마력
 2010 닛산 알티마(4세대),10.3~11.6km/ℓ,가솔린,중형,세단,FF,3690,http://file.carisyou.com/newcar/color/3906_nissan_newaltima2010_100.jpg,170마력
 2010 폭스바겐 티구안(1세대),9.8~12.2km/ℓ,"가솔린,디젤",준중형,SUV,4WD,4640,http://file.carisyou.com/newcar/color/3905_volkswagen_tiguan2010_0.jpg,140마력
 2010 현대 더 럭셔리 그랜저(TG),7.4~11.3km/ℓ,"가솔린,엘피지",준대형,세단,FF,4018,http://file.carisyou.com/newcar/color/3904_hyundai_theluxurygrandeur2010_100.jpg,179마력
 2010 인피니티 G(4세대),8.5~9.5km/ℓ,가솔린,중형,"세단,컨버터블외형전체>",FR,7050,http://file.carisyou.com/newcar/color/3903_infiniti_newg2010_100.jpg,330마력
 2010 랜드로버 레인지로버 스포츠(1세대),5.7~9.0km/ℓ,"가솔린,디젤",중형,SUV,4WD,14420,http://file.carisyou.com/newcar/color/3902_landrover_newrangeroversport2010_100.jpg,245마력
 2010 BMW X6 M(1세대),7.2km/ℓ,가솔린,중형,SUV,4WD,15790,http://file.carisyou.com/newcar/color/3901_bmw_x62010_100.jpg,555마력
 2010 BMW X5 M(1세대),6.2km/ℓ,가솔린,중형,SUV,4WD,15520,http://file.carisyou.com/newcar/color/3900_bmw_x5m2010_100.jpg,555마력
 2010 기아 K7,8.6~11.8km/ℓ,"가솔린,엘피지",준대형,세단,FF,4130,http://file.carisyou.com/newcar/color/3898_kia_k72010_100.jpg,165마력
 2010 벤츠 C클래스(3세대),6.1~15.5km/ℓ,"가솔린,디젤",준중형,세단,FR,9550,http://file.carisyou.com/newcar/color/3897_benz_newc-class2010_100.jpg,184마력
 2010 한국지엠 토스카,8.7~13.0km/ℓ,"가솔린,디젤,엘피지",중형,세단,FF,2878,http://file.carisyou.com/newcar/color/3896_gmdaewoo_tosca2010_0.jpg,144마력
 2010 어울림 스피라,8.3km/ℓ,가솔린,준중형,쿠페,MR,18318,http://file.carisyou.com/newcar/color/3895_oullim_spirra2010_100.jpg,180마력
 2010 미니 미니 해치(2세대),12.1~13.7km/ℓ,가솔린,소형,해치백,FF,4645,http://file.carisyou.com/upload/2022/10/12/FILE_202210121125438480.png,120마력
 2010 포르쉐 911(6세대),6.8~7.8km/ℓ,가솔린,준중형,"컨버터블,쿠페외형전체>",RR,25920,http://file.carisyou.com/newcar/color/3893_porsche_new09112010_100.jpg,435마력
 2010 캐딜락 CTS(2세대),8.6~8.8km/ℓ,가솔린,중형,"세단,왜건외형전체>",FR,6180,http://file.carisyou.com/newcar/color/3892_cadillac_newcts2010_100.jpg,275마력
 2010 BMW 7시리즈(5세대),6.4~9.3km/ℓ,"가솔린,가솔린/하이브리드",대형,세단,FR,27700,http://file.carisyou.com/newcar/color/3891_bmw_new7series2010_100.jpg,326마력
 2010 한국지엠 윈스톰 맥스,11.3km/ℓ,디젤,중형,SUV,4WD,3072,http://file.carisyou.com/newcar/color/3890_gmdaewoo_winstormmaxx2010_100.jpg,150마력
 2010 볼보 XC60(1세대),8.1~12.4km/ℓ,"가솔린,디젤",중형,SUV,4WD,7390,http://file.carisyou.com/newcar/color/3889_volvo_xc602010_100.jpg,205마력
 2010 아우디 R8(1세대),6.2~6.7km/ℓ,가솔린,준중형,쿠페,4WD,21780,http://file.carisyou.com/newcar/color/3888_audi_newr82010_100.jpg,420마력
 2010 포드 토러스(6세대),8.7km/ℓ,가솔린,대형,세단,FF,4295,http://file.carisyou.com/newcar/color/3887_ford_newtaurus2010_100.jpg,267마력
 2010 렉서스 LS(4세대),7.5~9.5km/ℓ,"가솔린,가솔린/하이브리드",대형,세단,FR,18930,http://file.carisyou.com/newcar/color/3886_lexus_newls2010_100.jpg,380마력
 2010 캐딜락 SRX(2세대),7.6km/ℓ,가솔린,중형,SUV,4WD,7100,http://file.carisyou.com/newcar/color/3885_cadillac_newsrx2010_100.jpg,265마력
 2010 아우디 S4(4세대),8.5km/ℓ,가솔린,준중형,세단,4WD,8530,http://file.carisyou.com/newcar/color/3884_audi_news42010_100.jpg,333마력
 2010 폭스바겐 CC,8.2~16.2km/ℓ,"가솔린,디젤",중형,세단,FF,6590,http://file.carisyou.com/newcar/color/3883_volkswagen_cc2010_100.jpg,170마력
 2010 토요타 프리우스(3세대),29.2km/ℓ,가솔린/하이브리드,준중형,해치백,FF,3790,http://file.carisyou.com/newcar/color/3882_toyota_prius2010_100.jpg,99마력
 2010 토요타 RAV4(3세대),9.6~10.4km/ℓ,가솔린,준중형,SUV,FF,3740,http://file.carisyou.com/newcar/color/3881_toyota_rav42010_100.jpg,184마력
 2010 토요타 캠리(6세대),12.0~19.7km/ℓ,"가솔린,가솔린/하이브리드",중형,세단,FF,4590,http://file.carisyou.com/newcar/color/3880_toyota_camry2010_100.jpg,175마력
 2010 랜드로버 디스커버리4,6.3~9.3km/ℓ,"가솔린,디젤",중형,SUV,4WD,9680,http://file.carisyou.com/newcar/color/3879_landrover_discovery42010_100.jpg,190마력
 2010 벤츠 M클래스(2세대),5.2~9.3km/ℓ,"가솔린,디젤",중형,SUV,4WD,13990,http://file.carisyou.com/newcar/color/3878_benz_m-class2010_100.jpg,190마력
 2010 혼다 CR-V(3세대),10.0~10.4km/ℓ,가솔린,준중형,SUV,FF,3790,http://file.carisyou.com/newcar/color/3877_honda_cr-v2010_100.jpg,170마력
 2010 혼다 시빅(8세대),11.5~23.2km/ℓ,"가솔린,가솔린/하이브리드",준중형,세단,FF,3780,http://file.carisyou.com/newcar/color/3876_honda_civic2010_100.jpg,140마력
 2010 볼보 XC70(2세대),12.0km/ℓ,디젤,중형,왜건,4WD,5900,http://file.carisyou.com/newcar/color/3875_volvo_newxc702010_100.jpg,205마력
 2010 현대 에쿠스(VI),8.0~9.3km/ℓ,가솔린,대형,"리무진,세단외형전체>",FR,14600,http://file.carisyou.com/upload/2019/07/23/FILE_201907230222563990.png,290마력
 2010 링컨 MKS,8.4km/ℓ,가솔린,대형,세단,FF,5395,http://file.carisyou.com/newcar/color/3873_lincoln_newmks2010_0.jpg,277마력
 2010 닷지 캘리버,9.9km/ℓ,가솔린,준중형,해치백,FF,2990,http://file.carisyou.com/newcar/color/3872_dodge_caliber2010_100.jpg,158마력
 2010 아우디 Q7(1세대),7.4~8.7km/ℓ,디젤,대형,SUV,4WD,12250,http://file.carisyou.com/newcar/color/3871_audi_newq72010_100.jpg,240마력
 2010 르노코리아 SM5 뉴 임프레션,9.6~11.0km/ℓ,"가솔린,엘피지",중형,세단,FF,2460,http://file.carisyou.com/newcar/color/3870_renaultsamsung_sm52010_100.jpg,143마력
 2010 르노코리아 SM7 뉴아트,9.0~9.8km/ℓ,가솔린,준대형,세단,FF,3730,http://file.carisyou.com/newcar/color/3869_renaultsamsung_sm72010_100.jpg,170마력
 2010 한국지엠 윈스톰,11.3~11.9km/ℓ,디젤,중형,SUV,FF,3145,http://file.carisyou.com/newcar/color/3868_gmdaewoo_winstorm2010_0.jpg,150마력
 2010 KGM 체어맨 W,7.3~8.0km/ℓ,가솔린,대형,"리무진,세단외형전체>",FR,10290,http://file.carisyou.com/upload/2019/07/23/FILE_201907230248038520.png,225마력
 2010 기아 모하비,7.3~11.1km/ℓ,"가솔린,디젤",준대형,SUV,FR,4855,http://file.carisyou.com/newcar/color/3866_kia_mohave2010_0.jpg,274마력
 2010 한국지엠 라세티 프리미어,13.0~19.0km/ℓ,"가솔린,디젤",준중형,세단,FF,2110,http://file.carisyou.com/newcar/color/3865_gmdaewoo_lacettipremiereid2010_0.jpg,114마력
 2010 렉서스 IS(2세대),11.4km/ℓ,가솔린,준중형,세단,FR,5250,http://file.carisyou.com/newcar/color/3864_lexus_newis2010_100.jpg,207마력
 2010 포르쉐 파나메라(1세대),6.7~8.8km/ℓ,가솔린,대형,해치백,FR,27200,http://file.carisyou.com/newcar/color/3749_porsche_panamera2009_100.jpg,300마력
 2010 기아 뉴 카렌스,8.6~10.6km/ℓ,"가솔린,엘피지",준중형,RV,FF,2208,http://file.carisyou.com/newcar/color/3862_kia_newcarens2010_100.jpg,141마력
 2010 현대 쏘나타(YF),10.0~13.6km/ℓ,"가솔린,엘피지",중형,세단,FF,2992,http://file.carisyou.com/upload/2019/07/18/FILE_201907180511042170.png,165마력
 2010 렉서스 ES(5세대),9.8km/ℓ,가솔린,중형,세단,FF,6750,http://file.carisyou.com/newcar/color/3860_lexus_newes2010_100.jpg,277마력
 2010 푸조 407,11.0~14.7km/ℓ,디젤,중형,"세단,왜건,쿠페외형전체>",FF,7040,http://file.carisyou.com/newcar/color/3859_peugeot_4072010_100.jpg,136마력
 2010 기아 쏘울,12.9~19.8km/ℓ,"가솔린,디젤",준중형,RV,FF,2132,http://file.carisyou.com/newcar/color/3858_kia_soul2010_0.gif,124마력
 2010 르노코리아 QM5,11.8~12.8km/ℓ,"가솔린,디젤",준중형,SUV,FF,3230,http://file.carisyou.com/newcar/color/3857_renaultsamsung_qm52010_100.jpg,171마력
 2010 한국지엠 마티즈 클래식,16.6~20.9km/ℓ,가솔린,경형,해치백,FF,775,http://file.carisyou.com/newcar/color/3856_gmdaewoo_matizclassic2010_100.jpg,52마력
 2010 벤츠 E클래스(4세대),6.5~15.1km/ℓ,"가솔린,디젤",중형,"세단,컨버터블,쿠페외형전체>",FR,14020,http://file.carisyou.com/newcar/color/4045_benz_newe-class2011_100.jpg,170마력
 2010 푸조 RCZ,11.7km/ℓ,가솔린,준중형,쿠페,FF,4990,http://file.carisyou.com/newcar/color/3854_peugeot_rcz2010_100.jpg,156마력
 2010 현대 투싼 iX,11.7~17.4km/ℓ,"가솔린,디젤",준중형,SUV,FF,2880,http://file.carisyou.com/newcar/color/3853_hyundai_tucsonix2010_100.jpg,166마력
 2010 기아 로체 이노베이션,9.1~12.8km/ℓ,"가솔린,엘피지",중형,세단,FF,2780,http://file.carisyou.com/newcar/color/3852_kia_lotzeinnovation2010_100.jpg,163마력
 2010 볼보 S80(2세대),7.3~13.3km/ℓ,"가솔린,디젤",중형,세단,FF,8600,http://file.carisyou.com/newcar/color/3851_volvo_news802010_100.jpg,205마력
 2010 한국지엠 마티즈 크리에이티브,13.6~21.0km/ℓ,"가솔린,엘피지",경형,해치백,FF,1226,http://file.carisyou.com/newcar/color/3850_gmdaewoo_matizcreative2010_100.jpg,70마력
 2010 재규어 XF(1세대),7.1~13.0km/ℓ,"가솔린,디젤",중형,세단,FR,14320,http://file.carisyou.com/newcar/color/3693_jaguar_xf2008_100.jpg,240마력
 2010 벤츠 S클래스(5세대),5.7~11.8km/ℓ,"가솔린,가솔린/하이브리드,디젤",대형,세단,FR,25720,http://file.carisyou.com/newcar/color/3848_benz_news-class2009_100.jpg,235마력
 2009 랜드로버 프리랜더2,8.0~11.2km/ℓ,"가솔린,디젤",준중형,SUV,4WD,5990,http://file.carisyou.com/newcar/color/3847_landrover_freelander22009_0.jpg,160마력
 2009 랜드로버 레인지로버 스포츠(1세대),6.0~8.4km/ℓ,"가솔린,디젤",중형,SUV,4WD,10790,http://file.carisyou.com/newcar/color/3846_landrover_rangeroversport2009_0.jpg,190마력
 2009 랜드로버 레인지로버(3세대),5.5~8.8km/ℓ,"가솔린,디젤",대형,SUV,4WD,15800,http://file.carisyou.com/newcar/color/3845_landrover_rangerover2009_0.jpg,272마력
 2009 랜드로버 디스커버리3,5.9~8.8km/ℓ,"가솔린,디젤",중형,SUV,4WD,7990,http://file.carisyou.com/newcar/color/3844_landrover_discovery32009_0.jpg,190마력
 2009 재규어 XK(2세대),7.3~7.8km/ℓ,가솔린,중형,"컨버터블,쿠페외형전체>",FR,17900,http://file.carisyou.com/newcar/color/3843_jaguar_xk2009_0.jpg,385마력
 2009 재규어 XJ(3세대),7.4~11.6km/ℓ,"가솔린,디젤",대형,세단,FR,15500,http://file.carisyou.com/newcar/color/3842_jaguar_xj2009_0.jpg,206마력
 2010 포드 머스탱(5세대),8.0km/ℓ,가솔린,중형,"컨버터블,쿠페외형전체>",FR,4200,http://file.carisyou.com/newcar/color/3841_ford_newmustang2010_100.jpg,213마력
 2010 현대 뉴 클릭,13.0~20.1km/ℓ,"가솔린,디젤",소형,해치백,FF,1279,http://file.carisyou.com/newcar/color/3840_hyundai_newclick2010_100.jpg,95마력
 2011 로터스 에보라,11.5km/ℓ,가솔린,준중형,쿠페,MR,11800,http://file.carisyou.com/newcar/color/3839_lotus_evora2011_100.jpg,280마력
 2009 닛산 370Z,9.0km/ℓ,가솔린,준중형,쿠페,FR,5760,http://file.carisyou.com/newcar/color/3838_nissan_370z2009_100.jpg,333마력
 2009 벤츠 GLK클래스(1세대),14.2km/ℓ,디젤,준중형,SUV,4WD,6550,http://file.carisyou.com/newcar/color/3837_benz_newglk-class2009_100.jpg,170마력
 2010 기아 프라이드(JB),15.0~22.0km/ℓ,"가솔린,디젤",소형,"세단,해치백외형전체>",FF,1586,http://file.carisyou.com/upload/2019/07/24/FILE_201907240515452910.png,95마력
 2010 기아 포르테 하이브리드 LPi,14.0km/ℓ,엘피지/하이브리드,준중형,세단,FF,2344,http://file.carisyou.com/newcar/color/3835_kia_fortehybirdlpi2010_100.jpg,114마력
 2009 닛산 GT-R,7.8km/ℓ,가솔린,중형,쿠페,4WD,14900,http://file.carisyou.com/newcar/color/3834_nissan_gt-r2009_100.jpg,485마력
 2009 르노코리아 SM3 CE,13.0~14.5km/ℓ,가솔린,준중형,세단,FF,1430,http://file.carisyou.com/newcar/color/3833_renaultsamsung_sm3ce2009_0.jpg,107마력
 2010 현대 아반떼 LPi 하이브리드(HD),17.8km/ℓ,엘피지/하이브리드,준중형,세단,FF,2553,http://file.carisyou.com/upload/2019/07/24/FILE_201907240136330750.png,114마력
 2010 르노코리아 뉴 SM3,15.0~16.3km/ℓ,가솔린,준중형,세단,FF,1880,http://file.carisyou.com/newcar/color/3830_renaultsamsung_sm32009_100.jpg,112마력
 2010 현대 베라크루즈,8.1~11.0km/ℓ,"가솔린,디젤",준대형,SUV,FF,4552,http://file.carisyou.com/newcar/color/3829_hyundai_veracruz2010_0.jpg,245마력
 2010 현대 i30cw,12.4~20.5km/ℓ,"가솔린,디젤",준중형,왜건,FF,2123,http://file.carisyou.com/upload/2019/07/23/FILE_201907230445279390.png,124마력
 2010 현대 i30(FD),12.4~20.5km/ℓ,"가솔린,디젤",준중형,해치백,FF,2023,http://file.carisyou.com/newcar/color/3827_hyundai_i302010_100.jpg,124마력
 2010 현대 뉴 아반떼 HD,15.2~15.8km/ℓ,가솔린,준중형,세단,FF,1897,http://file.carisyou.com/upload/2019/07/24/FILE_201907240445182790.png,124마력
 2010 현대 싼타페 더 스타일,7.9~15.5km/ℓ,"가솔린,디젤,엘피지",중형,SUV,FF,3875,http://file.carisyou.com/upload/2019/07/18/FILE_201907180404120660.png,175마력
 2009 아우디 TT(2세대),9.8~12.3km/ℓ,가솔린,소형,"컨버터블,쿠페외형전체>",FF,7800,http://file.carisyou.com/newcar/color/3824_audi_tt2009_0.jpg,200마력
 2009 재규어 XF(1세대),7.1~12.2km/ℓ,"가솔린,디젤",중형,세단,FR,14490,http://file.carisyou.com/newcar/color/3693_jaguar_xf2008_100.jpg,207마력
 2010 기아 포르테,13.6~16.5km/ℓ,"가솔린,디젤",준중형,세단,FF,1990,http://file.carisyou.com/newcar/color/3821_kia_2010forte2009_0.jpg,124마력
 2009 볼보 XC60(1세대),11.6km/ℓ,디젤,중형,SUV,4WD,6290,http://file.carisyou.com/newcar/color/3820_volvo_xc602009_100.jpg,185마력
 2010 기아 뉴 모닝(SA),13.4~20.0km/ℓ,"가솔린,엘피지",경형,해치백,FF,1174,http://file.carisyou.com/upload/2019/07/18/FILE_201907180242448520.png,72마력
 2009 기아 포르테 쿱,12.9~16.1km/ℓ,가솔린,준중형,쿠페,FF,1966,http://file.carisyou.com/upload/2019/07/23/FILE_201907231100281670.png,124마력
 2009 현대 베르나 트랜스폼,15.1~22.0km/ℓ,"가솔린,디젤",소형,"세단,해치백외형전체>",FF,1524,http://file.carisyou.com/newcar/color/3817_hyundai_vernatransform2009_100.jpg,95마력
 2009 BMW 5시리즈(5세대),9.4km/ℓ,가솔린,중형,세단,FR,6890,http://file.carisyou.com/newcar/color/3816_bmw_5series2009_100.jpg,231마력
 2010 기아 오피러스 프리미엄,8.4~10.6km/ℓ,"가솔린,엘피지",준대형,세단,FF,5648,http://file.carisyou.com/newcar/color/3815_kia_opiruspremium2009_100.jpg,195마력
 2009 기아 뉴 스포티지,10.6~15.2km/ℓ,"가솔린,디젤",준중형,SUV,FF,2684,http://file.carisyou.com/newcar/color/3814_kia_sportage2009_0.jpg,142마력
 2009 지프 그랜드 체로키(3세대),9.6km/ℓ,디젤,중형,SUV,4WD,6120,http://file.carisyou.com/newcar/color/3812_jeep_grandcherokee2009_0.jpg,218마력
 2009 지프 컴패스(1세대),10.0km/ℓ,가솔린,준중형,SUV,4WD,3790,http://file.carisyou.com/newcar/color/3811_jeep_compass2009_100.jpg,172마력
 2009 크라이슬러 300C(1세대),8.5~11.9km/ℓ,"가솔린,디젤",대형,세단,FR,6580,http://file.carisyou.com/newcar/color/3810_chrysler_300csignature2009_100.jpg,193마력
 2009 현대 제네시스 쿠페,9.2~11.0km/ℓ,가솔린,중형,쿠페,FR,3771,http://file.carisyou.com/upload/2019/07/23/FILE_201907231052312460.png,210마력
 2009 아우디 A6(6세대),8.0~10.8km/ℓ,가솔린,중형,세단,FF,8100,http://file.carisyou.com/newcar/color/3808_audi_a62009_100.jpg,170마력
 2009 벤틀리 컨티넨탈(1세대),5.4~6.0km/ℓ,가솔린,대형,"컨버터블,쿠페외형전체>",4WD,33300,http://file.carisyou.com/newcar/color/3807_bentley_continental2009_100.jpg,560마력
 2009 한국지엠 토스카,8.7~13.0km/ℓ,"가솔린,디젤,엘피지",중형,세단,FF,2846,http://file.carisyou.com/newcar/color/3806_gmdaewoo_tosca2009_100.jpg,144마력
 2009 현대 제네시스,9.6~10.0km/ℓ,가솔린,준대형,세단,FR,6021,http://file.carisyou.com/newcar/color/3805_hyundai_genesis2009_100.jpg,262마력
 2009 기아 쏘렌토R,7.6~15.0km/ℓ,"가솔린,디젤,엘피지",중형,SUV,FF,3744,http://file.carisyou.com/newcar/color/3804_kia_sorentor2009_100.jpg,175마력
 2009 한국지엠 베리타스,8.7km/ℓ,가솔린,대형,세단,FR,6180,http://file.carisyou.com/newcar/color/3803_gmdaewoo_veritas2009_100.jpg,277마력
 2009 링컨 MKX(1세대),7.9km/ℓ,가솔린,중형,SUV,4WD,5650,http://file.carisyou.com/newcar/color/3802_lincoln_mkx2009_100.jpg,270마력
 2009 아우디 Q5(1세대),12.4km/ℓ,디젤,중형,SUV,4WD,6360,http://file.carisyou.com/newcar/color/3801_audi_q52009_100.jpg,170마력
 2009 미니 미니 컨버터블(2세대),12.1~13.0km/ℓ,가솔린,소형,컨버터블,FF,4470,http://file.carisyou.com/newcar/color/3800_mini_newmini2009_100.jpg,120마력
 2009 현대 에쿠스(VI),8.0~9.3km/ℓ,가솔린,대형,"리무진,세단외형전체>",FR,14600,http://file.carisyou.com/upload/2019/07/23/FILE_201907230222563990.png,290마력
 2009 기아 쏘울,12.9~19.8km/ℓ,"가솔린,디젤",준중형,RV,FF,2080,http://file.carisyou.com/newcar/color/3797_kia_soul2009_100.gif,124마력
 2009 기아 뉴 모닝,13.4~19.4km/ℓ,"가솔린,엘피지",경형,해치백,FF,1127,http://file.carisyou.com/upload/2019/07/23/FILE_201907231045132300.png,64마력
 2009 BMW 1시리즈(1세대),15.9~16.5km/ℓ,디젤,준중형,쿠페,FR,4390,http://file.carisyou.com/newcar/color/3795_bmw_1series2009_100.gif,177마력
 2009 포르쉐 카이맨(1세대),9.1~10.6km/ℓ,가솔린,준중형,쿠페,MR,9580,http://file.carisyou.com/newcar/color/3794_porsche_cayman2009_100.gif,265마력
 2009 어울림 스피라,8.3km/ℓ,가솔린,준중형,쿠페,MR,12890,http://file.carisyou.com/newcar/color/3793_oullim_spira2009_100.jpg,500마력
 2009 포르쉐 박스터(2세대),9.0~11.0km/ℓ,가솔린,준중형,컨버터블,MR,9600,http://file.carisyou.com/newcar/color/3792_porsche_boxster2009_100.jpg,255마력
 2009 마세라티 콰트로포르테(5세대),6.3km/ℓ,가솔린,대형,세단,FR,24000,http://file.carisyou.com/newcar/color/3791_maserati_quattroportes2009_100.jpg,430마력
 2009 Chevrolet 익스프레스,7.6km/ℓ,가솔린,대형,RV,FR,13000,http://file.carisyou.com/newcar/color/3790_chevrolet_explorervan2009_100.jpg,301마력
 2009 렉서스 RX(3세대),9.1~16.4km/ℓ,"가솔린,가솔린/하이브리드",중형,SUV,4WD,8847,http://file.carisyou.com/newcar/color/3789_lexus_rx2009_100.jpg,277마력
 2009 닛산 알티마(4세대),9.7~11.6km/ℓ,가솔린,중형,세단,FF,3980,http://file.carisyou.com/newcar/color/3788_nissan_altima2009_100.jpg,170마력
 2009 사브 9-3(2세대),8.7~12.5km/ℓ,"가솔린,디젤",준중형,"세단,컨버터블외형전체>",FF,5550,http://file.carisyou.com/newcar/color/3787_saab_new9-32009_0.jpg,210마력
 2009 사브 9-5(1세대),8.3~12.6km/ℓ,"가솔린,디젤",준대형,세단,FF,5900,http://file.carisyou.com/newcar/color/3786_saab_tid2009_0.jpg,185마력
 2009 미쓰비시 파제로(4세대),10.4km/ℓ,디젤,중형,SUV,FR,6730,http://file.carisyou.com/newcar/color/3785_mitsubishi_pajero2009_100.jpg,200마력
 2009 기아 모하비,7.3~11.1km/ℓ,"가솔린,디젤",준대형,SUV,FR,4840,http://file.carisyou.com/newcar/color/3784_kia_mohave2009_100.jpg,274마력
 2009 혼다 시빅(8세대),11.5~23.2km/ℓ,"가솔린,가솔린/하이브리드",준중형,세단,FF,3800,http://file.carisyou.com/newcar/color/3783_honda_civic2009_100.jpg,140마력
 2009 미쓰비시 랜서,11.4km/ℓ,가솔린,준중형,세단,FF,3350,http://file.carisyou.com/newcar/color/3782_mitsubishi_lancer2009_100.jpg,145마력
 2009 람보르기니 가야르도,7.3km/ℓ,가솔린,중형,"컨버터블,쿠페외형전체>",4WD,35500,http://file.carisyou.com/newcar/color/3781_lamborghini_gallardo2009_100.jpg,560마력
 2009 아우디 A5(1세대),9.9km/ℓ,가솔린,준중형,쿠페,4WD,6360,http://file.carisyou.com/newcar/color/3780_audi_a52009_100.jpg,211마력
 2009 현대 그랜저 뉴 럭셔리(TG),7.6~11.3km/ℓ,"가솔린,엘피지",준대형,세단,FF,3938,http://file.carisyou.com/newcar/color/3779_hyundai_grandeurnewluxury2009_100.jpg,179마력
 2008 르노코리아 QM5,12.2~14.8km/ℓ,디젤,준중형,SUV,FF,3180,http://file.carisyou.com/newcar/color/3778_renaultsamsung_qm52008_100.jpg,150마력
 2009 BMW Z4(2세대),9.2~12.2km/ℓ,가솔린,소형,컨버터블,FR,9150,http://file.carisyou.com/upload/2019/07/23/FILE_201907230116569030.png,204마력
 2009 기아 포르테,15.2~16.5km/ℓ,"가솔린,디젤",준중형,세단,FF,1934,http://file.carisyou.com/newcar/color/3776_kia_forte2009_100.jpg,124마력
 2009 기아 그랜드 카니발,6.8~13.0km/ℓ,"디젤,엘피지",대형,RV,FF,4473,http://file.carisyou.com/upload/2019/07/19/FILE_201907190416557010.png,192마력
 2009 한국지엠 윈스톰,9.8~14.5km/ℓ,"가솔린,디젤",중형,SUV,FF,3089,http://file.carisyou.com/newcar/color/3774_gmdaewoo_winstorm2009_100.jpg,150마력
 2009 한국지엠 뉴 마티즈,16.6~20.9km/ℓ,가솔린,경형,해치백,FF,908,http://file.carisyou.com/newcar/color/3773_gmdaewoo_allnewmatiz2009_100.jpg,52마력
 2009 KGM 액티언 스포츠,11.6~12.6km/ℓ,디젤,중형,픽업트럭,FR,2510,http://file.carisyou.com/upload/2019/07/19/FILE_201907190459101820.png,145마력
 2009 KGM 액티언,11.9~12.9km/ℓ,디젤,준중형,SUV,FR,2543,http://file.carisyou.com/newcar/color/3771_ssangyong_actyon2009_100.jpg,142마력
 2009 KGM 뉴 카이런,10.6~12.9km/ℓ,디젤,중형,SUV,FR,3250,http://file.carisyou.com/newcar/color/3770_ssangyong_newkyron2009_100.jpg,142마력
 2009 인피니티 G(4세대),8.9~9.5km/ℓ,가솔린,중형,"세단,컨버터블,쿠페외형전체>",FR,7290,http://file.carisyou.com/newcar/color/3769_infiniti_newg2009_100.jpg,330마력
 2009 벤츠 마이비(1세대),12.8km/ℓ,가솔린,준중형,RV,FF,3850,http://file.carisyou.com/newcar/color/3768_benz_myb2009_100.jpg,136마력
 2009 르노코리아 SM7 뉴아트,9.0~9.8km/ℓ,가솔린,준대형,세단,FF,3710,http://file.carisyou.com/newcar/color/3403_renaultsamsung_sm7newart2008_100.jpg,170마력
 2009 르노코리아 SM5 뉴 임프레션,8.9~11.0km/ℓ,"가솔린,엘피지",중형,세단,FF,2550,http://file.carisyou.com/newcar/color/2903_renaultsamsung_sm5(newimpression)2008_0.jpg,143마력
 2009 르노코리아 SM3 뉴제너레이션,13.0~14.5km/ℓ,가솔린,준중형,세단,FF,1512,http://file.carisyou.com/newcar/color/3765_renaultsamsung_newsm32009_100.jpg,107마력
 2009 한국지엠 뉴 라세티,12.3~18.4km/ℓ,"가솔린,디젤",준중형,해치백,FF,1885,http://file.carisyou.com/newcar/color/3764_gmdaewoo_newlacetti2009_100.jpg,109마력
 2009 기아 뉴 오피러스,7.5~9.2km/ℓ,"가솔린,엘피지",준대형,세단,FF,5303,http://file.carisyou.com/newcar/color/3763_kia_newopirus2009_100.jpg,192마력
 2009 기아 뉴 쏘렌토,10.7~11.8km/ℓ,디젤,중형,SUV,4WD,3315,http://file.carisyou.com/newcar/color/3762_kia_newsorento2009_100.jpg,178마력
 2009 기아 뉴 스포티지,9.9~15.2km/ℓ,"가솔린,디젤",준중형,SUV,FF,2623,http://file.carisyou.com/newcar/color/3761_kia_newsportage2009_100.jpg,142마력
 2009 기아 카렌스 뉴 페이스,8.6~13.0km/ℓ,"디젤,엘피지",준중형,RV,FF,2443,http://file.carisyou.com/upload/2019/07/19/FILE_201907190346325330.png,141마력
 2009 기아 뉴 카니발,6.8~10.7km/ℓ,"디젤,엘피지",대형,RV,FF,5297,http://file.carisyou.com/newcar/color/3759_kia_newcarnival2009_100.jpg,161마력
 2009 현대 뉴 클릭,13.0~20.1km/ℓ,"가솔린,디젤",소형,해치백,FF,1124,http://file.carisyou.com/newcar/color/2912_hyundai_newclick2008_0.jpg,95마력
 2009 현대 베르나(MC),13.2~20.6km/ℓ,"가솔린,디젤",소형,"세단,해치백외형전체>",FF,1417,http://file.carisyou.com/newcar/color/2914_hyundai_vernasporty2008_0.jpg,95마력
 2009 현대 뉴 아반떼 HD,13.8~21.0km/ℓ,"가솔린,디젤",준중형,세단,FF,2096,http://file.carisyou.com/newcar/color/2946_hyundai_avantehd2008_100.jpg,124마력
 2009 현대 쏘나타 트랜스폼(NF),9.0~17.1km/ℓ,"가솔린,디젤,엘피지",중형,세단,FF,3046,http://file.carisyou.com/newcar/color/2948_hyundai_sonatatransform2008_112.jpg,163마력
 2009 현대 뉴 싼타페(CM),11.7~14.4km/ℓ,디젤,중형,SUV,FF,3662,http://file.carisyou.com/newcar/color/3388_hyundai_santafe2008_0.jpg,151마력
 2009 포드 머스탱(5세대),8.0km/ℓ,가솔린,중형,"컨버터블,쿠페외형전체>",FR,4240,http://file.carisyou.com/newcar/color/3753_ford_mustang2009_100.jpg,206마력
 2009 폭스바겐 제타(5세대),10.2km/ℓ,가솔린,준중형,세단,FF,3280,http://file.carisyou.com/newcar/color/3752_volkswagen_jetta2009_0.jpg,170마력
 2009 BMW 7시리즈(5세대),7.5~8.5km/ℓ,가솔린,대형,세단,FR,18000,http://file.carisyou.com/newcar/color/3751_bmw_new7series2009_100.jpg,326마력
 2009 마세라티 그란투리스모,5.6km/ℓ,가솔린,중형,쿠페,FR,23000,http://file.carisyou.com/newcar/color/3750_maserati_granturismos2009_100.jpg,440마력
 2009 미쓰비시 이클립스(4세대),11.0km/ℓ,가솔린,준중형,쿠페,FF,4040,http://file.carisyou.com/newcar/color/3748_mitsubishi_eclipse2009_100.jpg,165마력
 2009 현대 그랜드 스타렉스,6.8~11.6km/ℓ,"디젤,엘피지",소형,버스,FR,2624,http://file.carisyou.com/newcar/color/3747_hyundai_grandstarex2009_100.jpg,159마력
 2009 페라리 캘리포니아,3.8km/ℓ,가솔린,준중형,컨버터블,FR,35000,http://file.carisyou.com/newcar/color/3746_ferrari_califonia2009_100.jpg,460마력
 2009 현대 베라크루즈,8.1~11.0km/ℓ,"가솔린,디젤",준대형,SUV,FF,4552,http://file.carisyou.com/newcar/color/3744_hyundai_veracruz2009_100.jpg,245마력
 2008 Chevrolet 익스프레스,7.6km/ℓ,가솔린,대형,RV,FR,9900,,301마력
 2009 현대 i30(FD),12.4~20.5km/ℓ,"가솔린,디젤",준중형,해치백,FF,1947,http://file.carisyou.com/newcar/color/3742_hyundai_i302009_0.jpg,124마력
 2009 현대 i30cw,12.4~20.5km/ℓ,"가솔린,디젤",준중형,왜건,FF,2050,http://file.carisyou.com/upload/2019/07/23/FILE_201907230445279390.png,124마력
 2009 한국지엠 라세티 프리미어,13.0~19.0km/ℓ,"가솔린,디젤",준중형,세단,FF,2022,http://file.carisyou.com/newcar/color/3740_gmdaewoo_lacettipremiere2009_100.jpg,114마력
 2009 현대 투싼,10.6~15.2km/ℓ,"가솔린,디젤",준중형,SUV,FF,2566,http://file.carisyou.com/upload/2019/07/19/FILE_201907190247177550.png,142마력
 2009 인피니티 M(3세대),8.8km/ℓ,가솔린,중형,세단,FR,6790,http://file.carisyou.com/newcar/color/3738_infiniti_newm2009_100.jpg,307마력
 2009 포드 이스케이프(2세대),8.9~10.2km/ℓ,가솔린,준중형,SUV,FF,4070,http://file.carisyou.com/newcar/color/3737_ford_escape2009_100.jpg,155마력
 2009 닛산 무라노(2세대),9.3km/ℓ,가솔린,중형,SUV,4WD,5080,http://file.carisyou.com/newcar/color/3736_nissan_murano2009_100.jpg,260마력
 2009 닛산 로그(1세대),10.7~11.8km/ℓ,가솔린,준중형,SUV,FF,3620,http://file.carisyou.com/newcar/color/3735_nissan_rogue2009_100.jpg,168마력
 2009 닷지 다코타(3세대),5.7km/ℓ,가솔린,대형,픽업트럭,4WD,4880,http://file.carisyou.com/newcar/color/3733_dodge_dakota2009_100.jpg,305마력
 2008 BMW M6(2세대),6.0km/ℓ,가솔린,준대형,쿠페,FR,18500,http://file.carisyou.com/newcar/color/3732_bmw_m62008_100.jpg,507마력
 2008 BMW M3(4세대),6.8km/ℓ,가솔린,준중형,쿠페,FR,10470,http://file.carisyou.com/newcar/color/3731_bmw_m32008_100.jpg,420마력
 2009 미쓰비시 아웃랜더(2세대),9.0km/ℓ,가솔린,중형,SUV,4WD,4290,http://file.carisyou.com/newcar/color/3730_mitsubishi_outlander2008_100.jpg,220마력
 2009 미쓰비시 랜서 에볼루션,8.1km/ℓ,가솔린,준중형,세단,4WD,6620,http://file.carisyou.com/newcar/color/3729_mitsubishi_lancerevolution2008_100.jpg,295마력
 2010 폭스바겐 골프(6세대),17.8~17.9km/ℓ,디젤,준중형,해치백,FF,4190,http://file.carisyou.com/newcar/color/3728_volkswagen_newgolf2010_100.jpg,140마력
 2008 한국지엠 베리타스,8.6km/ℓ,가솔린,대형,세단,FR,5630,http://file.carisyou.com/newcar/color/3727_gmdaewoo_veritas2008_100.jpg,252마력
 2009 렉서스 IS(2세대),10.9~11.4km/ℓ,가솔린,준중형,"세단,컨버터블외형전체>",FR,6450,http://file.carisyou.com/newcar/color/3726_lexus_newis2008_100.jpg,207마력
 2008 기아 포르테,14.1~16.5km/ℓ,"가솔린,디젤",준중형,세단,FF,1929,http://file.carisyou.com/newcar/color/3725_kia_forte2008_100.jpg,124마력
 2008 벤츠 SLK클래스(2세대),8.0km/ℓ,가솔린,소형,컨버터블,FR,8590,http://file.carisyou.com/newcar/color/3724_benz_newslk-class2008_100.jpg,305마력
 2008 벤츠 CLS클래스(1세대),6.1~8.7km/ℓ,가솔린,준대형,세단,FR,16190,http://file.carisyou.com/newcar/color/3723_benz_newcls-class2008_100.jpg,272마력
 2009 BMW 3시리즈(5세대),8.4~17.6km/ℓ,"가솔린,디젤",준중형,"세단,컨버터블외형전체>",FR,9090,http://file.carisyou.com/newcar/color/3722_bmw_new3series2009_100.jpg,156마력
 2008 사브 9-3,8.0km/ℓ,가솔린,중형,세단,AWD,6750,http://file.carisyou.com/newcar/color/3721_saab_turbox2008_100.jpg,280마력
 2009 KGM 슈퍼 렉스턴,10.7km/ℓ,디젤,중형,SUV,FR,4003,http://file.carisyou.com/newcar/color/3720_ssangyong_superrexton2008_100.jpg,172마력
 2008 크라이슬러 그랜드 보이저(5세대),7.1~9.5km/ℓ,"가솔린,디젤",대형,RV,4WD,5610,http://file.carisyou.com/newcar/color/3719_chrysler_newgrandvoyager2008_100.jpg,150마력
 2008 인피니티 FX(2세대),7.2~7.9km/ℓ,가솔린,중형,SUV,4WD,8950,http://file.carisyou.com/newcar/color/3718_infiniti_newfx2008_100.jpg,280마력
 2009 혼다 레전드(4세대),8.6km/ℓ,가솔린,준대형,세단,4WD,7250,http://file.carisyou.com/newcar/color/3717_honda_newlegend2008_100.jpg,307마력
 2008 한국지엠 윈스톰 맥스,11.3km/ℓ,디젤,중형,SUV,4WD,2996,http://file.carisyou.com/newcar/color/3716_gmdaewoo_winstormmaxx2008_100.jpg,150마력
 2009 포르쉐 911(6세대),8.0~8.6km/ℓ,가솔린,준중형,"컨버터블,쿠페외형전체>",RR,16780,http://file.carisyou.com/newcar/color/3715_porsche_new9112008_100.jpg,345마력
 2008 기아 쏘울,12.9~19.8km/ℓ,"가솔린,디젤",준중형,RV,FF,2042,http://file.carisyou.com/newcar/color/3713_kia_soul2008_100.jpg,126마력
 2008 기아 로체 이노베이션,9.1~12.8km/ℓ,"가솔린,엘피지",중형,세단,FF,2715,http://file.carisyou.com/newcar/color/3712_kia_lotzeinnovation2008_100.jpg,163마력
 2008 포드 S-맥스(1세대),12.1~17.6km/ℓ,"가솔린,디젤",중형,왜건,FF,4250,http://file.carisyou.com/newcar/color/3702_ford_s-max2008_100.jpg,145마력
 2008 아우디 A3(2세대),10.9~22.2km/ℓ,"가솔린,디젤",준중형,"컨버터블,해치백외형전체>",FF,4250,http://file.carisyou.com/newcar/color/3698_audi_a32008_100.jpg,160마력
 2008 포드 몬데오(4세대),10.4~12.9km/ℓ,"가솔린,디젤",중형,세단,FF,3850,http://file.carisyou.com/newcar/color/3697_ford_newmondeo2008_100.jpg,145마력
 2009 재규어 X-타입,7.0~13.7km/ℓ,"가솔린,디젤",준중형,세단,FF,6290,http://file.carisyou.com/newcar/color/3696_jaguar_newx-type2008_100.jpg,145마력
 2008 벤츠 SL클래스,5.8km/ℓ,가솔린,중형,쿠페,FR,19490,http://file.carisyou.com/newcar/color/3695_benz_newsl-class2008_100.jpg,525마력
 2008 재규어 XF(1세대),7.6~12.2km/ℓ,"가솔린,디젤",중형,세단,FR,12700,http://file.carisyou.com/newcar/color/3693_jaguar_xf2008_100.jpg,207마력
 2008 어울림 스피라,8.3km/ℓ,가솔린,준중형,쿠페,MR,12890,http://file.carisyou.com/newcar/color/3689_oullim_spira2008_100.jpg,400마력
 2008 BMW 6시리즈(2세대),7.3km/ℓ,가솔린,준대형,컨버터블,FR,17280,http://file.carisyou.com/newcar/color/3688_bmw_new6series2008_100.jpg,367마력
 2008 볼보 XC70(2세대),11.2km/ℓ,디젤,중형,왜건,4WD,5840,http://file.carisyou.com/newcar/color/3676_volvo_newxc702008_100.jpg,185마력
 2008 현대 제네시스 쿠페,9.2~11.0km/ℓ,가솔린,중형,쿠페,FR,3483,http://file.carisyou.com/upload/2019/07/23/FILE_201907231052312460.png,224마력
 2009 벤츠 M클래스(2세대),5.2~9.3km/ℓ,"가솔린,디젤",중형,SUV,4WD,13990,http://file.carisyou.com/newcar/color/3543_benz_m-class2008_100.jpg,306마력
 2008 페라리 612 스카글리에티,4.2km/ℓ,가솔린,대형,쿠페,FR,47000,http://file.carisyou.com/newcar/color/3539_ferrari_612scaglietti2008_100.jpg,555마력
 2008 현대 포터2,10.2~11.4km/ℓ,디젤,소형,트럭,FR,2037,http://file.carisyou.com/newcar/color/3538_hyundai_porter22008_100.jpg,126마력
 2008 기아 봉고3 트럭,9.9~11.2km/ℓ,"디젤,엘피지",소형,트럭,FR,2647,http://file.carisyou.com/newcar/color/3537_kia_bongo3truck2008_100.jpg,126마력
 2008 기아 뉴 카니발,6.8~10.7km/ℓ,"디젤,엘피지",대형,RV,FF,5110,http://file.carisyou.com/newcar/color/3534_kia_newcanival2007_0.jpg,161마력
 2008 BMW X5(2세대),6.7~10.5km/ℓ,"가솔린,디젤",중형,SUV,4WD,12540,http://file.carisyou.com/newcar/color/3535_bmw_x52008_0.jpg,235마력
 2007 기아 뉴 카니발,6.8~10.5km/ℓ,"디젤,엘피지",대형,RV,FF,3562,http://file.carisyou.com/newcar/color/3534_kia_newcanival2007_0.jpg,170마력
 2008 BMW X3(1세대),8.7~13.9km/ℓ,"가솔린,디젤",준중형,SUV,4WD,7640,http://file.carisyou.com/newcar/color/3533_bmw_x32008_100.jpg,177마력
 2008 기아 로체 어드밴스,8.8~17.3km/ℓ,"가솔린,디젤,엘피지",중형,세단,FF,2662,http://file.carisyou.com/newcar/color/3532_kia_lotze2008_100.jpg,138마력
 2008 푸조 607,8.4~11.0km/ℓ,"가솔린,디젤",준대형,세단,FF,6940,http://file.carisyou.com/newcar/color/3531_peugeot_new6072008_0.jpg,214마력
 2008 현대 그랜드 스타렉스,10.5~11.6km/ℓ,디젤,소형,버스,FR,2575,http://file.carisyou.com/newcar/color/3530_hyundai_grandstarex2008_0.jpg,174마력
 2008 푸조 307,10.0~14.4km/ℓ,"가솔린,디젤",준중형,"왜건,컨버터블,해치백외형전체>",FF,5100,http://file.carisyou.com/upload/2019/07/23/FILE_201907230504291420.png,140마력
 2008 롤스로이스 팬텀(7세대),5.7~5.9km/ℓ,가솔린,대형,"세단,컨버터블,쿠페외형전체>",FR,76000,http://file.carisyou.com/newcar/color/3528_rolls-royce_phantom2008_0.jpg,460마력
 2008 아우디 R8(1세대),6.7km/ℓ,가솔린,준중형,쿠페,4WD,19240,http://file.carisyou.com/newcar/color/3524_audi_r82008_0.jpg,420마력
 2008 아우디 TT(2세대),7.0~12.3km/ℓ,가솔린,소형,"컨버터블,쿠페외형전체>",FF,7900,http://file.carisyou.com/newcar/color/3523_audi_tt2008_0.jpg,200마력
 2008 아우디 Q7(1세대),6.5~8.7km/ℓ,"가솔린,디젤",대형,SUV,4WD,12210,http://file.carisyou.com/newcar/color/3522_audi_q72008_0.gif,280마력
 2008 아우디 S8(2세대),6.8km/ℓ,가솔린,대형,세단,4WD,18320,http://file.carisyou.com/newcar/color/3521_audi_s82008_100.jpg,450마력
 2008 아우디 S6(6세대),6.9km/ℓ,가솔린,중형,세단,4WD,15590,http://file.carisyou.com/newcar/color/3520_audi_s62008_100.jpg,435마력
 2008 아우디 S4(3세대),7.9km/ℓ,가솔린,준중형,세단,4WD,17400,http://file.carisyou.com/newcar/color/3518_audi_s42008_0.gif,344마력
 2008 BMW 5시리즈(5세대),7.2~15.9km/ℓ,"가솔린,디젤",중형,세단,FR,12600,http://file.carisyou.com/newcar/color/3517_bmw_5series2008_0.jpg,156마력
 2008 아우디 A6(6세대),7.5~11.8km/ℓ,"가솔린,디젤",중형,세단,FF,10900,http://file.carisyou.com/newcar/color/3516_audi_a62008_0.jpg,170마력
 2008 한국지엠 뉴 라보,12.2~12.3km/ℓ,엘피지,경형,트럭,FR,891,http://file.carisyou.com/newcar/color/3514_gmdaewoo_newlabo2008_100.jpg,43마력
 2008 한국지엠 뉴 다마스,11.5~12.0km/ℓ,엘피지,경형,버스,FR,793,http://file.carisyou.com/newcar/color/3513_gmkorea_newdamas2008_100.jpg,43마력
 2008 현대 베라크루즈,8.1~11.0km/ℓ,"가솔린,디젤",준대형,SUV,FF,4345,http://file.carisyou.com/newcar/color/3511_hyundai_veracruz2008_100.jpg,240마력
 2008 혼다 레전드(4세대),8.1km/ℓ,가솔린,준대형,세단,4WD,6780,http://file.carisyou.com/newcar/color/3510_honda_legend2008_100.jpg,295마력
 2008 인피니티 M(3세대),7.3~8.1km/ℓ,가솔린,중형,세단,FR,8300,http://file.carisyou.com/newcar/color/3509_infiniti_newm2008_0.jpg,280마력
 2009 벤츠 E클래스(3세대),7.8~12.5km/ℓ,"가솔린,디젤",중형,세단,FR,9990,http://file.carisyou.com/newcar/color/3508_benz_newe-class2008_0.jpg,184마력
 2009 한국지엠 젠트라 X,13.9~17.5km/ℓ,가솔린,소형,해치백,FF,1347,http://file.carisyou.com/newcar/color/2936_gmdaewoo_gentrax2008_0.jpg,85마력
 2008 크라이슬러 300C,5.9~11.9km/ℓ,"가솔린,디젤",대형,세단,FR,8840,http://file.carisyou.com/newcar/color/3505_chrysler_new300c2008_0.jpg,193마력
 2008 KGM 체어맨 W,7.3~7.8km/ℓ,가솔린,대형,"리무진,세단외형전체>",FR,10200,http://file.carisyou.com/upload/2019/07/23/FILE_201907230240366800.png,250마력
 2008 랜드로버 레인지로버(3세대),5.5~8.8km/ℓ,"가솔린,디젤",대형,SUV,4WD,15800,http://file.carisyou.com/newcar/color/3497_landrover_rangerover2008_0.jpg,272마력
 2008 재규어 XK(2세대),7.4km/ℓ,가솔린,중형,"컨버터블,쿠페외형전체>",FR,17760,http://file.carisyou.com/newcar/color/3496_jaguar_xk2008_100.jpg,420마력
 2008 랜드로버 레인지로버 스포츠(1세대),6.0~8.4km/ℓ,"가솔린,디젤",중형,SUV,4WD,10790,http://file.carisyou.com/newcar/color/3495_landrover_rangeroversport2008_0.jpg,190마력
 2008 랜드로버 디스커버리3,5.9~8.8km/ℓ,"가솔린,디젤",중형,SUV,4WD,7990,http://file.carisyou.com/newcar/color/3494_landrover_discovery32008_0.jpg,190마력
 2008 랜드로버 프리랜더2,8.0~11.2km/ℓ,"가솔린,디젤",준중형,SUV,4WD,5990,http://file.carisyou.com/newcar/color/3493_landrover_freelander22008_0.jpg,160마력
 2008 미니 미니 클럽맨(1세대),12.1~13.0km/ℓ,가솔린,소형,해치백,FF,4100,http://file.carisyou.com/newcar/color/3492_mini_newminiclubman2008_100.jpg,120마력
 2008 재규어 X-타입,7.0~8.4km/ℓ,가솔린,준중형,세단,4WD,5990,http://file.carisyou.com/newcar/color/3491_jaguar_x-type2008_100.jpg,194마력
 2008 아우디 A8(2세대),5.2~10.4km/ℓ,"가솔린,디젤",대형,세단,FF,24510,http://file.carisyou.com/newcar/color/3489_audi_a82008_100.jpg,0마력
 2008 아우디 A8,6.2~10.2km/ℓ,"가솔린,디젤",대형,세단,AWD,23890,http://file.carisyou.com/newcar/color/3488_audi_newa82008_100.jpg,260마력
 2009 아우디 A4(4세대),10.0~21.2km/ℓ,"가솔린,디젤",준중형,"세단,왜건외형전체>",FF,5400,http://file.carisyou.com/newcar/color/3487_audi_newa42008_100.jpg,120마력
 2008 현대 그랜저 뉴 럭셔리(TG),7.4~10.4km/ℓ,"가솔린,엘피지",준대형,세단,FF,3821,http://file.carisyou.com/newcar/color/3486_hyundai_grandeurnewluxury2008_100.jpg,164마력
 1991 한국지엠 로얄 프린스,13.4km/ℓ,가솔린,중형,세단,FR,1409,http://file.carisyou.com/newcar/color/3485_gmdaewoo_prince1986_100.jpg,0마력
 2008 기아 카렌스 뉴 페이스,8.6~13.0km/ℓ,"디젤,엘피지",준중형,RV,FF,2380,http://file.carisyou.com/upload/2019/07/19/FILE_201907190342549450.png,141마력
 2008 미니 미니 해치(2세대),12.1~13.7km/ℓ,가솔린,소형,해치백,FF,4590,http://file.carisyou.com/newcar/color/3482_mini_newmini2008_100.jpg,120마력
 2008 미니 미니 컨버터블(1세대),10.0~11.5km/ℓ,가솔린,소형,컨버터블,FF,4460,http://file.carisyou.com/newcar/color/3481_mini_miniconvertible2008_100.jpg,115마력
 2007 미니 미니 컨버터블(1세대),7.8~9.0km/ℓ,가솔린,소형,컨버터블,FF,4380,http://file.carisyou.com/newcar/color/3480_mini_miniconvertible2007_100.jpg,115마력
 2006 미니 미니 해치(1세대),10.2~11.1km/ℓ,가솔린,소형,해치백,FF,4495,http://file.carisyou.com/newcar/color/3478_mini_mini2006_100.jpg,115마력
 2007 미니 미니 해치(2세대),11.9~13.7km/ℓ,가솔린,소형,해치백,FF,3970,http://file.carisyou.com/newcar/color/3473_mini_newmini2007_100.jpg,120마력
 1997 한국지엠 슈퍼살롱 브로엄,-,가솔린,준대형,세단,FR,1983,http://file.carisyou.com/newcar/color/3470_gmdaewoo_supersalon1997_100.jpg,0마력
 2007 인피니티 G(4세대),8.8~9.0km/ℓ,가솔린,중형,"세단,쿠페외형전체>",FR,5980,http://file.carisyou.com/newcar/color/3469_infiniti_newg2007_100.jpg,315마력
 2008 스마트 포투(2세대),20.4km/ℓ,가솔린,경형,"컨버터블,해치백외형전체>",RR,2390,http://file.carisyou.com/newcar/color/3465_smart_fortwo2008_0.jpg,84마력
 2006 포르쉐 카레라 GT,5.6km/ℓ,가솔린,중형,컨버터블,MR,88000,http://file.carisyou.com/newcar/color/3463_porsche_carreragt2006_0.jpg,612마력
 2008 재규어 S-타입,7.9~11.2km/ℓ,"가솔린,디젤",중형,세단,FR,7975,http://file.carisyou.com/newcar/color/3462_jaguar_s-type2008_100.jpg,206마력
 2008 BMW 7시리즈(4세대),7.3~8.5km/ℓ,가솔린,대형,세단,FR,26410,http://file.carisyou.com/newcar/color/3460_bmw_7series2008_100.jpg,258마력
 2008 아우디 A4(3세대),8.8~11.9km/ℓ,가솔린,준중형,"세단,컨버터블외형전체>",FF,7180,http://file.carisyou.com/newcar/color/3459_audi_a42008_101.jpg,200마력
 2008 재규어 XJ(3세대),7.4~11.6km/ℓ,"가솔린,디젤",대형,세단,FR,18100,http://file.carisyou.com/newcar/color/3458_jaguar_xj2008_100.jpg,206마력
 2008 BMW 3시리즈(5세대),8.4~11.2km/ℓ,가솔린,준중형,"세단,컨버터블외형전체>",FR,9090,http://file.carisyou.com/upload/2019/07/23/FILE_201907231134068140.png,156마력
 2002 현대 투스카니,9.0km/ℓ,가솔린,준중형,쿠페,FF,3190,http://file.carisyou.com/newcar/color/3451_hyundai_tuscani2002_0.jpg,143마력
 2008 한국지엠 토스카,8.6~13.0km/ℓ,"가솔린,디젤,엘피지",중형,세단,FF,2662,http://file.carisyou.com/newcar/color/3448_gmdaewoo_tosca2008_100.jpg,119마력
 2005 포드 머스탱(5세대),8.5km/ℓ,가솔린,중형,"컨버터블,쿠페외형전체>",FR,4270,http://file.carisyou.com/newcar/color/3446_ford_mustang2005_0.jpg,213마력
 2008 폭스바겐 페이톤,5.6~8.7km/ℓ,"가솔린,디젤",대형,세단,4WD,17680,http://file.carisyou.com/newcar/color/3445_volkswagen_phaeton2008_0.jpg,233마력
 2008 폭스바겐 투아렉(1세대),7.2~9.1km/ℓ,디젤,중형,SUV,4WD,12700,http://file.carisyou.com/newcar/color/3444_volkswagen_touareg2008_0.jpg,240마력
 2008 폭스바겐 파사트 바리안트(6세대),13.6~13.9km/ℓ,디젤,중형,왜건,FF,5160,http://file.carisyou.com/newcar/color/3443_volkswagen_newpassat2008_0.jpg,140마력
 2008 폭스바겐 제타(5세대),10.2~14.0km/ℓ,"가솔린,디젤",준중형,세단,FF,3190,http://file.carisyou.com/newcar/color/3442_volkswagen_jetta2008_100.jpg,170마력
 2008 폭스바겐 EOS,10.8km/ℓ,가솔린,준중형,컨버터블,FF,5450,http://file.carisyou.com/newcar/color/3441_volkswagen_eos2008_100.jpg,200마력
 2008 폭스바겐 골프(5세대),9.0~15.7km/ℓ,"가솔린,디젤",준중형,해치백,FF,4990,http://file.carisyou.com/newcar/color/3440_volkswagen_golf2008_0.jpg,140마력
 2008 폭스바겐 비틀 카브리올레(2세대),9.8km/ℓ,가솔린,소형,컨버터블,FF,3990,http://file.carisyou.com/newcar/color/3439_volkswagen_newbeetle2008_100.jpg,115마력
 2007 로터스 엘리스,11.3~12.0km/ℓ,가솔린,소형,컨버터블,MR,6970,http://file.carisyou.com/newcar/color/3437_lotus_elise2006_100.jpg,134마력
 2008 폭스바겐 티구안(1세대),9.8~16.6km/ℓ,"가솔린,디젤",준중형,SUV,4WD,4640,http://file.carisyou.com/newcar/color/3435_volkswagen_tiguan2008_100.jpg,150마력
 2008 BMW X6(1세대),7.0~10.5km/ℓ,"가솔린,디젤",중형,SUV,4WD,12920,http://file.carisyou.com/newcar/color/3432_bmw_x62008_100.jpg,245마력
 2009 푸조 308(1세대),14.7~19.5km/ℓ,디젤,준중형,"왜건,컨버터블,해치백외형전체>",FF,4750,http://file.carisyou.com/newcar/color/3426_peugeot_3082009_100.jpg,110마력
 2007 마세라티 그란투리스모,6.1km/ℓ,가솔린,중형,쿠페,FR,21000,http://file.carisyou.com/newcar/color/3424_maserati_granturismo2007_0.jpg,405마력
 2008 로터스 엘리스,10.2~12.0km/ℓ,가솔린,소형,"컨버터블,쿠페외형전체>",MR,8220,http://file.carisyou.com/newcar/color/3437_lotus_elise2006_100.jpg,134마력
 2009 링컨 MKS,8.4km/ℓ,가솔린,대형,세단,FF,5520,http://file.carisyou.com/newcar/color/3421_lincoln_mks2009_0.jpg,277마력
 2009 폭스바겐 CC,8.2~16.2km/ℓ,"가솔린,디젤",중형,세단,FF,6410,http://file.carisyou.com/newcar/color/3417_volkswagen_passatcc2008_0.jpg,170마력
 2008 현대 뉴 에쿠스,6.8~8.2km/ℓ,가솔린,대형,"리무진,세단외형전체>",FF,8932,http://file.carisyou.com/upload/2019/07/23/FILE_201907230254115440.png,247마력
 2008 현대 제네시스,9.6~10.0km/ℓ,가솔린,준대형,세단,FR,5739,http://file.carisyou.com/newcar/color/3412_hyundai_genesis2008_100.jpg,262마력
 2008 KGM 체어맨 H,7.8~8.2km/ℓ,가솔린,대형,세단,FR,4194,http://file.carisyou.com/newcar/color/3407_ssangyong_chairmanh2008_0.jpg,197마력
 2008 현대 투싼,9.8~15.2km/ℓ,"가솔린,디젤",준중형,SUV,FF,2515,http://file.carisyou.com/upload/2019/07/19/FILE_201907190247177550.png,142마력
 2008 르노코리아 SM7 뉴아트,9.0~9.8km/ℓ,가솔린,준대형,세단,FF,4100,http://file.carisyou.com/newcar/color/3403_renaultsamsung_sm7newart2008_100.jpg,170마력
 2008 사브 9-5(1세대),8.3~8.9km/ℓ,가솔린,준대형,세단,FF,5900,http://file.carisyou.com/newcar/color/3402_saab_new9-52008_100.jpg,185마력
 2008 캐딜락 SRX(1세대),6.5~7.2km/ℓ,가솔린,중형,SUV,FR,7070,http://file.carisyou.com/newcar/color/3401_cadillac_srx2008_100.jpg,255마력
 2008 볼보 XC90(1세대),7.8~10.2km/ℓ,"가솔린,디젤",준대형,SUV,4WD,7260,http://file.carisyou.com/newcar/color/3400_volvo_xc902008_100.jpg,185마력
 2008 볼보 S80(2세대),7.3~13.0km/ℓ,"가솔린,디젤",중형,세단,FF,9390,http://file.carisyou.com/newcar/color/3399_volvo_s802008_0.jpg,185마력
 2008 볼보 S60(1세대),9.6~12.2km/ℓ,"가솔린,디젤",준중형,세단,FF,4300,http://file.carisyou.com/newcar/color/3398_volvo_s602008_0.jpg,185마력
 2008 볼보 C70(2세대),9.7km/ℓ,가솔린,준중형,컨버터블,FF,6910,http://file.carisyou.com/newcar/color/3397_volvo_c702008_100.jpg,230마력
 2008 볼보 C30,9.5~10.3km/ℓ,가솔린,준중형,해치백,FF,4220,http://file.carisyou.com/newcar/color/3396_volvo_c302008_0.jpg,170마력
 2008 볼보 V50(2세대),10.3km/ℓ,가솔린,준중형,왜건,4WD,3804,http://file.carisyou.com/newcar/color/3395_volvo_newv502008_100.jpg,170마력
 2008 기아 뉴 모닝,16.6~19.4km/ℓ,가솔린,경형,해치백,FF,1031,http://file.carisyou.com/upload/2019/07/23/FILE_201907231045132300.png,64마력
 2008 기아 모하비,7.3~11.1km/ℓ,"가솔린,디젤",준대형,SUV,FR,4583,http://file.carisyou.com/newcar/color/3392_kia_mohave2008_0.jpg,274마력
 2008 KGM 액티언 스포츠,11.6~12.6km/ℓ,디젤,중형,픽업트럭,FR,2504,http://file.carisyou.com/upload/2019/07/19/FILE_201907190459101820.png,145마력
 2008 KGM 액티언,11.7~12.9km/ℓ,디젤,준중형,SUV,FR,2807,http://file.carisyou.com/newcar/color/3390_ssangyong_actyon2008_100.jpg,145마력
 2008 KGM 뉴 카이런,10.2~12.9km/ℓ,디젤,중형,SUV,FR,3513,http://file.carisyou.com/newcar/color/3389_ssangyong_newkyron2008_100.jpg,145마력
 2008 현대 뉴 싼타페(CM),11.7~14.4km/ℓ,디젤,중형,SUV,FF,3662,http://file.carisyou.com/newcar/color/3388_hyundai_santafe2008_0.jpg,151마력
 2008 링컨 타운카(3세대),6.2~7.6km/ℓ,가솔린,대형,세단,FR,7600,http://file.carisyou.com/newcar/color/3387_lincoln_towncar2008_0.jpg,242마력
 2008 링컨 MKX(1세대),7.9km/ℓ,가솔린,중형,SUV,4WD,5340,http://file.carisyou.com/newcar/color/3386_lincoln_mkx2008_0.jpg,270마력
 2008 링컨 MKZ(1세대),7.9km/ℓ,가솔린,중형,세단,FF,4400,http://file.carisyou.com/newcar/color/3385_lincoln_mkz2008_0.jpg,270마력
 2008 포드 스포츠 트랙(2세대),6.5km/ℓ,가솔린,대형,픽업트럭,4WD,4620,http://file.carisyou.com/newcar/color/3384_ford_sporttrac2008_0.jpg,213마력
 2008 포드 익스플로러(4세대),6.5km/ℓ,가솔린,대형,SUV,4WD,5110,http://file.carisyou.com/newcar/color/3383_ford_explorer2008_0.jpg,213마력
 2008 포드 이스케이프(2세대),7.0~8.2km/ℓ,"가솔린,가솔린/하이브리드",준중형,SUV,FF,3686,http://file.carisyou.com/newcar/color/3382_ford_escape2008_0.jpg,0마력
 2008 포드 토러스(5세대),8.2km/ℓ,가솔린,대형,세단,FF,4140,http://file.carisyou.com/newcar/color/3380_ford_newtaurus2008_0.jpg,268마력
 2008 인피니티 EX(1세대),8.3km/ℓ,가솔린,준중형,SUV,4WD,5640,http://file.carisyou.com/newcar/color/3379_infiniti_ex2008_100.jpg,302마력
 2008 인피니티 FX,7.1~7.9km/ℓ,가솔린,중형,SUV,AWD,8530,http://file.carisyou.com/newcar/color/3378_infiniti_fx2008_0.jpg,280마력
 2008 인피니티 Q(3세대),7.0km/ℓ,가솔린,대형,세단,FR,15500,http://file.carisyou.com/newcar/color/3377_infiniti_q2008_0.jpg,340마력
 2008 인피니티 M,6.6km/ℓ,가솔린,중형,세단,FR,8110,http://file.carisyou.com/newcar/color/3376_infiniti_m2008_100.jpg,280마력
 2008 인피니티 G(4세대),8.8~9.0km/ℓ,가솔린,중형,"세단,쿠페외형전체>",FR,5980,http://file.carisyou.com/newcar/color/3374_infiniti_newg2008_100.jpg,315마력
 2008 닷지 니트로,9.8km/ℓ,디젤,준중형,SUV,4WD,4180,http://file.carisyou.com/newcar/color/3372_dodge_nitro2008_0.jpg,177마력
 2008 닷지 듀랑고(2세대),5.5km/ℓ,가솔린,대형,SUV,4WD,5140,http://file.carisyou.com/newcar/color/3370_dodge_durango2008_0.jpg,235마력
 2008 지프 커맨더,8.2km/ℓ,디젤,중형,SUV,4WD,7000,http://file.carisyou.com/newcar/color/3369_jeep_commander2008_0.jpg,218마력
 2008 지프 그랜드 체로키(3세대),5.5~9.6km/ℓ,"가솔린,디젤",중형,SUV,4WD,8170,http://file.carisyou.com/newcar/color/3368_jeep_grandcherokee2008_0.jpg,218마력
 2008 크라이슬러 300C(1세대),5.9~11.9km/ℓ,"가솔린,디젤",대형,"세단,왜건외형전체>",FR,8840,http://file.carisyou.com/newcar/color/3367_chrysler_300c2008_0.jpg,193마력
 2008 크라이슬러 PT 크루저,8.9km/ℓ,가솔린,준중형,해치백,FF,3050,http://file.carisyou.com/newcar/color/3366_chrysler_ptcruiser2008_0.jpg,152마력
 2008 벤츠 CL클래스(3세대),5.0~6.4km/ℓ,가솔린,대형,쿠페,FR,29000,http://file.carisyou.com/newcar/color/3365_benz_cl-class2008_0.jpg,388마력
 2008 벤츠 마이비(1세대),12.8km/ℓ,가솔린,준중형,RV,FF,3690,http://file.carisyou.com/newcar/color/3363_benz_myb2008_100.jpg,136마력
 2008 벤츠 M클래스(2세대),5.2~9.3km/ℓ,"가솔린,디젤",중형,SUV,4WD,13690,http://file.carisyou.com/newcar/color/3362_benz_m-class2008_100.jpg,190마력
 2008 벤츠 S클래스(5세대),6.0~10.0km/ℓ,"가솔린,디젤",대형,세단,FR,33500,http://file.carisyou.com/newcar/color/3361_benz_news-class2008_0.jpg,235마력
 2008 벤츠 E클래스(3세대),7.8~12.5km/ℓ,"가솔린,디젤",중형,세단,FR,10590,http://file.carisyou.com/newcar/color/3360_benz_e-class2008_0.jpg,170마력
 2008 벤츠 CLS클래스,8.7km/ℓ,가솔린,준대형,세단,FR,15990,http://file.carisyou.com/newcar/color/3359_benz_cls-class2008_0.jpg,514마력
 2008 벤츠 C클래스,10.6~12.9km/ℓ,"가솔린,디젤",준중형,세단,FR,5290,http://file.carisyou.com/newcar/color/3358_benz_c-class2008_0.jpg,184마력
 2008 혼다 어코드(8세대),9.8~10.9km/ℓ,가솔린,중형,세단,FF,4090,http://file.carisyou.com/newcar/color/3355_honda_accord2008_0.jpg,180마력
 2008 혼다 CR-V(3세대),10.0~10.4km/ℓ,가솔린,준중형,SUV,FF,3910,http://file.carisyou.com/newcar/color/3353_honda_cr-v2008_0.jpg,170마력
 2008 캐딜락 BLS,10.2~12.5km/ℓ,"가솔린,디젤",준중형,세단,FF,4180,http://file.carisyou.com/newcar/color/3352_cadillac_bls2008_100.jpg,175마력
 2008 캐딜락 CTS(2세대),8.6~8.8km/ℓ,가솔린,중형,세단,FR,5990,http://file.carisyou.com/newcar/color/3351_cadillac_cts2008_100.jpg,207마력
 2008 캐딜락 STS,6.7~8.8km/ℓ,가솔린,대형,세단,FR,7640,http://file.carisyou.com/newcar/color/3350_cadillac_newsts2008_100.jpg,302마력
 2008 캐딜락 DTS,6.7km/ℓ,가솔린,대형,세단,FF,9500,http://file.carisyou.com/newcar/color/3349_cadillac_dts2008_100.jpg,291마력
 2007 캐딜락 에스컬레이드(3세대),5.9km/ℓ,가솔린,대형,SUV,4WD,12000,http://file.carisyou.com/newcar/color/3348_cadillac_escalade2008_100.jpg,403마력
 2008 렉서스 SC(2세대),8.9km/ℓ,가솔린,중형,컨버터블,FR,11110,http://file.carisyou.com/newcar/color/3347_lexus_sc4302008_0.jpg,285마력
 2008 렉서스 RX(2세대),8.9~12.9km/ℓ,"가솔린,가솔린/하이브리드",중형,SUV,FF,7730,http://file.carisyou.com/newcar/color/3346_lexus_rx400h2008_0.jpg,276마력
 2008 렉서스 IS(2세대),11.4km/ℓ,가솔린,준중형,세단,FR,4650,http://file.carisyou.com/newcar/color/3344_lexus_is2502008_0.jpg,207마력
 2008 렉서스 ES(5세대),9.8km/ℓ,가솔린,중형,세단,FF,6520,http://file.carisyou.com/newcar/color/3343_lexus_es3502008_0.jpg,277마력
 2008 렉서스 LS(4세대),7.5~9.5km/ℓ,"가솔린,가솔린/하이브리드",대형,세단,4WD,19700,http://file.carisyou.com/newcar/color/3326_lexus_ls600h2008_0.jpg,362마력
 2008 크라이슬러 퍼시피카,6.8km/ℓ,가솔린,대형,SUV,4WD,5520,http://file.carisyou.com/newcar/color/3339_chrysler_pacifica2008_0.jpg,253마력
 2008 크라이슬러 세브링(3세대),8.0~15.2km/ℓ,"가솔린,디젤",중형,"세단,컨버터블외형전체>",FF,4090,http://file.carisyou.com/newcar/color/3338_chrysler_newsebring2008_100.jpg,173마력
 2008 BMW 6시리즈,7.3km/ℓ,가솔린,준대형,컨버터블,FR,17120,http://file.carisyou.com/newcar/color/3336_bmw_6serise2008_0.jpg,367마력
 2007 볼보 XC90(1세대),7.0~10.2km/ℓ,"가솔린,디젤",준대형,SUV,4WD,7200,http://file.carisyou.com/newcar/color/3331_volvo_xc900_0.jpg,185마력
 2005 볼보 S60,12.2km/ℓ,디젤,준중형,세단,FF,4200,http://file.carisyou.com/newcar/color/3330_volvo_s602005_0.jpg,185마력
 2008 사브 9-3(2세대),8.0~12.5km/ℓ,"가솔린,디젤",준중형,"세단,컨버터블외형전체>",FF,6750,http://file.carisyou.com/newcar/color/3329_saab_new9-32008_100.jpg,210마력
 2008 렉서스 GS(3세대),8.7~12.7km/ℓ,"가솔린,가솔린/하이브리드",중형,세단,FR,8950,http://file.carisyou.com/newcar/color/3327_lexus_newgs2008_0.jpg,307마력
 2007 로터스 유로파,7.3km/ℓ,가솔린,소형,쿠페,FR,6980,http://file.carisyou.com/newcar/color/3309_lotus_coupe2007_0.jpg,197마력
 2007 로터스 엑시지,11.0km/ℓ,가솔린,소형,쿠페,MR,8510,http://file.carisyou.com/newcar/color/3307_lotus_exige2007_0.jpg,218마력
 2007 마이바흐 62S,5.2km/ℓ,가솔린,대형,세단,FR,78000,http://file.carisyou.com/newcar/color/3305_maybach_62s2007_0.jpg,612마력
 2007 마이바흐 57S,5.2km/ℓ,가솔린,대형,세단,FR,69000,http://file.carisyou.com/newcar/color/3304_maybach_57s2007_0.jpg,612마력
 2007 마이바흐 62,5.3km/ℓ,가솔린,대형,리무진,FR,72000,http://file.carisyou.com/newcar/color/3303_maybach_622007_0.jpg,550마력
 2007 마이바흐 57,5.3km/ℓ,가솔린,대형,세단,FR,60000,http://file.carisyou.com/newcar/color/3300_maybach_572007_0.jpg,550마력
 1997 기아 프라이드,16.2~17.4km/ℓ,가솔린,소형,해치백,FF,555,http://file.carisyou.com/newcar/color/3296_kia_pride1997_0.jpg,73마력
 2004 기아 카렌스2,8.4~11.4km/ℓ,"가솔린,엘피지",준중형,RV,FF,1563,http://file.carisyou.com/newcar/color/3294_kia_carensii2004_0.jpg,108마력
 2003 기아 카니발2,7.8km/ℓ,가솔린,대형,RV,FF,1900,http://file.carisyou.com/newcar/color/3293_kia_carnivalii2003_0.jpg,166마력
 2005 마세라티 쿠페,4.9km/ℓ,가솔린,준중형,쿠페,FR,17700,http://file.carisyou.com/newcar/color/3289_maserati_coupe2007_0.jpg,390마력
 2007 마세라티 콰트로포르테(5세대),5.6km/ℓ,가솔린,대형,세단,FR,19900,http://file.carisyou.com/newcar/color/3288_maserati_quattroporte2007_0.jpg,400마력
 2005 마세라티 스파이더,4.9km/ℓ,가솔린,준중형,컨버터블,FR,19100,http://file.carisyou.com/newcar/color/3287_maserati_spyder2005_0.jpg,390마력
 2007 마세라티 MC12,4.3km/ℓ,가솔린,대형,쿠페,MR,170000,http://file.carisyou.com/newcar/color/3285_maserati_mc0_0.gif,767마력
 2004 링컨 에비에이터(1세대),5.3km/ℓ,가솔린,대형,SUV,4WD,7690,http://file.carisyou.com/newcar/color/3281_lincoln_aviator2005_0.jpg,302마력
 2005 기아 옵티마 리갈,8.8~9.4km/ℓ,"가솔린,엘피지",중형,세단,FF,2361,http://file.carisyou.com/newcar/color/3278_kia_optimalegal2005_0.jpg,137마력
 2007 롤스로이스 팬텀(7세대),4.0km/ℓ,가솔린,대형,"세단,컨버터블외형전체>",FR,78000,http://file.carisyou.com/newcar/color/3275_rolls-royce_phantom2007_0.jpg,460마력
 2001 기아 옵티마,12.6km/ℓ,가솔린,중형,세단,FF,1665,,149마력
 2001 현대 티뷰론 터뷸런스,11.6~13.8km/ℓ,가솔린,준중형,쿠페,FF,1535,http://file.carisyou.com/newcar/color/3268_hyundai_tiburonturbulence2010_0.jpg,133마력
 2005 링컨 LS,8.5km/ℓ,가솔린,중형,세단,FR,5789,http://file.carisyou.com/newcar/color/3264_lincoln_ls2005_0.jpg,235마력
 2008 닷지 캘리버,9.9km/ℓ,가솔린,준중형,해치백,FF,2820,http://file.carisyou.com/newcar/color/3263_dodge_caliber2008_0.jpg,158마력
 2006 닷지 다코타(3세대),6.6km/ℓ,가솔린,대형,픽업트럭,4WD,4580,http://file.carisyou.com/newcar/color/3262_dodge_dakota2006_0.jpg,235마력
 2007 현대 리베로,11.3km/ℓ,디젤,소형,트럭,FR,1481,http://file.carisyou.com/newcar/color/3260_hyundai_libero2007_0.jpg,103마력
 2005 기아 오피러스,7.6~8.4km/ℓ,"가솔린,엘피지",준대형,세단,FF,4895,http://file.carisyou.com/newcar/color/3259_kia_opirus2005_0.jpg,176마력
 2000 기아 엔터프라이즈,8.1km/ℓ,가솔린,대형,세단,FR,4147,http://file.carisyou.com/newcar/color/3257_kia_enterprise2000_0.jpg,220마력
 2006 폭스바겐 투아렉,7.2km/ℓ,디젤,중형,SUV,AWD,12700,http://file.carisyou.com/newcar/color/3256_volkswagen_touareg2006_0.jpg,313마력
 2005 현대 다이너스티,8.1km/ℓ,가솔린,대형,세단,FR,2874,http://file.carisyou.com/newcar/color/3255_hyundai_dynasty2005_0.jpg,162마력
 2006 폭스바겐 비틀 카브리올레(2세대),10.1km/ℓ,가솔린,소형,컨버터블,FF,3830,http://file.carisyou.com/newcar/color/3254_volkswagen_newbeetle2006_0.jpg,115마력
 1997 기아 아벨라 델타,16.4km/ℓ,가솔린,소형,세단,FF,617,,90마력
 2007 폭스바겐 골프(5세대),12.0~14.6km/ℓ,"가솔린,디젤",준중형,해치백,4WD,4050,http://file.carisyou.com/newcar/color/3252_volkswagen_golf2007_0.jpg,170마력
 2005 기아 리오 SF,14.0~15.4km/ℓ,가솔린,소형,"세단,해치백외형전체>",FF,928,http://file.carisyou.com/newcar/color/3251_kia_riosf2005_0.jpg,84마력
 2005 기아 쏘렌토,10.1~11.6km/ℓ,디젤,중형,SUV,FR,3213,http://file.carisyou.com/newcar/color/3250_kia_sorento2005_0.jpg,145마력
 2006 포르쉐 카이엔(1세대),5.3~6.2km/ℓ,가솔린,중형,SUV,4WD,17400,http://file.carisyou.com/newcar/color/3249_porsche_cayenne2006_0.jpg,247마력
 2006 포르쉐 카이맨(1세대),8.5~9.8km/ℓ,가솔린,준중형,쿠페,MR,11100,http://file.carisyou.com/newcar/color/3247_porsche_cayman2006_0.jpg,245마력
 2006 포르쉐 박스터(2세대),7.8~9.3km/ℓ,가솔린,준중형,컨버터블,MR,10050,http://file.carisyou.com/newcar/color/3246_porsche_boxster2006_0.jpg,303마력
 2003 기아 쎄라토,12.1~18.9km/ℓ,"가솔린,디젤",준중형,세단,FF,1390,http://file.carisyou.com/newcar/color/3245_kia_cerato2003_100.jpg,107마력
 2008 포르쉐 카이엔(1세대),5.4~7.1km/ℓ,가솔린,중형,SUV,4WD,19101,http://file.carisyou.com/newcar/color/3243_porsche_newcayenne2006_0.jpg,290마력
 2006 기아 뉴 프라이드,14.7~20.5km/ℓ,"가솔린,디젤",소형,"세단,해치백외형전체>",FF,1356,http://file.carisyou.com/newcar/color/3240_kia_newpride2006_0.jpg,112마력
 2003 현대 뉴 포터(AU),10.4km/ℓ,디젤,소형,트럭,FR,1125,http://file.carisyou.com/upload/2018/09/17/FILE_201809170312516780.png,80마력
 2007 포르쉐 911(6세대),6.7~8.1km/ℓ,가솔린,준중형,"컨버터블,쿠페외형전체>",RR,25000,http://file.carisyou.com/newcar/color/3238_porsche_9112007_100.jpg,325마력
 2006 기아 뉴 카니발,12.6km/ℓ,디젤,대형,RV,FF,3170,http://file.carisyou.com/newcar/color/3237_kia_newcarnival2006_0.jpg,170마력
 2005 현대 뉴 스타렉스,10.3km/ℓ,디젤,대형,RV,4WD,2417,,145마력
 2007 아우디 TT(2세대),7.0~12.8km/ℓ,가솔린,소형,"컨버터블,쿠페외형전체>",FF,7480,http://file.carisyou.com/newcar/color/3235_audi_tt2007_0.jpg,200마력
 2007 아우디 S8(2세대),6.1km/ℓ,가솔린,대형,세단,4WD,18130,http://file.carisyou.com/newcar/color/3234_audi_s82007_0.gif,450마력
 2007 아우디 S6(6세대),6.1km/ℓ,가솔린,중형,세단,4WD,15590,http://file.carisyou.com/newcar/color/3233_audi_s62007_0.gif,435마력
 2006 KGM 로디우스,9.7~10.2km/ℓ,디젤,대형,RV,2WD,2419,http://file.carisyou.com/newcar/color/3231_ssangyong_rodius2006_0.jpg,165마력
 2005 기아 뉴 스포티지,9.2~14.6km/ℓ,"가솔린,디젤",준중형,SUV,FF,1802,http://file.carisyou.com/newcar/color/3230_kia_newsportage2005_0.jpg,142마력
 2007 아우디 RS4(2세대),5.8~7.7km/ℓ,가솔린,준중형,"세단,왜건,컨버터블외형전체>",4WD,14550,http://file.carisyou.com/newcar/color/3229_audi_rs42007_0.gif,420마력
 2002 기아 쏘렌토,11.5km/ℓ,디젤,중형,SUV,4WD,2192,http://file.carisyou.com/newcar/color/3228_kia_newsorento2002_0.jpg,145마력
 2007 아우디 R8(1세대),6.9km/ℓ,가솔린,준중형,쿠페,4WD,18850,http://file.carisyou.com/newcar/color/3227_audi_r82007_0.jpg,420마력
 2000 KGM 뉴 코란도,11.0km/ℓ,"가솔린,디젤",준중형,SUV,2WD,2451,,32마력
 2001 기아 스포티지,9.3~12.3km/ℓ,"가솔린,디젤",준중형,SUV,4WD,1630,http://file.carisyou.com/newcar/color/3224_kia_sportage2001_0.jpg,83마력
 2007 벤틀리 컨티넨탈(1세대),4.5~6.0km/ℓ,가솔린,대형,"컨버터블,쿠페외형전체>",4WD,32620,http://file.carisyou.com/newcar/color/3223_bentley_continental2007_0.jpg,560마력
 2007 아우디 A6,7.4~10.3km/ℓ,가솔린,중형,"세단,왜건외형전체>",FF,7900,http://file.carisyou.com/newcar/color/3221_audi_a62007_100.jpg,150마력
 2006 KGM 뉴 체어맨,7.7~8.0km/ℓ,가솔린,대형,"리무진,세단외형전체>",FR,6933,http://file.carisyou.com/newcar/color/3220_ssangyong_newchairman2006_0.jpg,197마력
 2007 람보르기니 무르시엘라고,3.1km/ℓ,가솔린,중형,"컨버터블,쿠페외형전체>",4WD,53870,http://file.carisyou.com/newcar/color/3219_lamborghini_murcielago2007_0.jpg,650마력
 2007 람보르기니 가야르도,4.1km/ℓ,가솔린,중형,"컨버터블,쿠페외형전체>",4WD,36020,http://file.carisyou.com/newcar/color/3213_lamborghini_gallardo2007_0.jpg,520마력
 2005 KGM 뉴 무쏘,9.2~10.8km/ℓ,디젤,중형,SUV,4WD,2060,http://file.carisyou.com/newcar/color/3210_ssangyong_newmusso2005_0.jpg,120마력
 2007 재규어 XK(2세대),7.4km/ℓ,가솔린,중형,"컨버터블,쿠페외형전체>",FR,15100,http://file.carisyou.com/newcar/color/3209_jaguar_xk2007_100.jpg,420마력
 1999 기아 비스토,20.8km/ℓ,가솔린,경형,해치백,FF,648,,70마력
 2006 재규어 XJ,7.4~11.6km/ℓ,"가솔린,디젤",대형,세단,FR,13300,http://file.carisyou.com/newcar/color/3206_jaguar_xj2006_0.jpg,206마력
 2006 벤츠 SLK클래스,6.9~9.8km/ℓ,가솔린,소형,컨버터블,FR,11010,http://file.carisyou.com/newcar/color/3200_benz_slk-class2006_0.jpg,228마력
 2002 현대 트라제 XG,7.0~11.0km/ℓ,"디젤,엘피지",중형,RV,FF,2373,http://file.carisyou.com/newcar/color/3199_hyundai_trajetxg2002_0.jpg,144마력
 2002 현대 싼타모,9.6km/ℓ,엘피지,준중형,RV,FF,1603,http://file.carisyou.com/newcar/color/3198_hyundai_santamo2002_0.jpg,86마력
 2007 포드 이스케이프(1세대),7.8~8.8km/ℓ,가솔린,준중형,SUV,4WD,4590,http://file.carisyou.com/upload/2017/07/21/FILE_201707211134321440.png,230마력
 1997 기아 봉고 프론티어,14.5km/ℓ,디젤,소형,트럭,FR,998,,85마력
 2008 벤츠 SL클래스(5세대),5.8~7.7km/ℓ,가솔린,중형,컨버터블,FR,19830,http://file.carisyou.com/newcar/color/3195_benz_sl-class2008_100.jpg,525마력
 2006 캐딜락 BLS,10.2km/ℓ,"가솔린,디젤",준중형,세단,FF,4180,http://file.carisyou.com/newcar/color/3174_cadillac_bls2006_0.jpg,150마력
 2008 지프 컴패스(1세대),10.0km/ℓ,가솔린,준중형,SUV,4WD,2910,http://file.carisyou.com/newcar/color/3173_jeep_compass2008_100.jpg,172마력
 2001 르노코리아 SM5,-,가솔린,중형,세단,FF,1890,http://file.carisyou.com/newcar/color/3153_renaultsamsung_sm52001_0.jpg,143마력
 2006 벤츠 E클래스,7.7~13.0km/ℓ,"가솔린,디젤",중형,"세단,왜건외형전체>",FR,8830,http://file.carisyou.com/newcar/color/3149_benz_e-class2006_0.jpg,201마력
 2006 벤츠 C클래스,8.3~10.4km/ℓ,가솔린,준중형,세단,FR,5690,http://file.carisyou.com/newcar/color/3141_benz_c-class2006_0.jpg,228마력
 2006 페라리 F430,5.2km/ℓ,가솔린,중형,"컨버터블,쿠페외형전체>",MR,36000,http://file.carisyou.com/newcar/color/3139_ferrari_f4302006_0.jpg,489마력
 2006 페라리 612 스카글리에티,4.1km/ℓ,가솔린,대형,쿠페,FR,44500,http://file.carisyou.com/newcar/color/3137_ferrari_6122006_0.jpg,555마력
 2007 페라리 599 GTB 피오라노,5.2km/ℓ,가솔린,중형,쿠페,FR,46000,http://file.carisyou.com/newcar/color/3136_ferrari_599gtb2007_0.jpg,620마력
 2004 페라리 575M 마라넬로,4.1km/ℓ,가솔린,중형,쿠페,FR,39500,http://file.carisyou.com/newcar/color/3135_ferrari_575m0_0.jpg,515마력
 2004 랜드로버 프리랜더,7.4~11.9km/ℓ,"가솔린,디젤",준중형,SUV,4WD,5360,http://file.carisyou.com/newcar/color/3121_landrover_freelander2004_0.jpg,111마력
 2007 랜드로버 레인지로버 스포츠(1세대),5.3~8.4km/ℓ,"가솔린,디젤",중형,SUV,4WD,10500,http://file.carisyou.com/newcar/color/3120_landrover_rangeroversport2007_0.jpg,190마력
 2007 랜드로버 레인지로버(3세대),5.3~6.6km/ℓ,가솔린,대형,SUV,4WD,14500,http://file.carisyou.com/newcar/color/3119_landrover_rangerover2007_0.jpg,400마력
 2007 랜드로버 디스커버리3,5.8~8.8km/ℓ,"가솔린,디젤",중형,SUV,4WD,6993,http://file.carisyou.com/newcar/color/3118_landrover_discovery32007_0.jpg,224마력
 2006 사브 9-5,8.1km/ℓ,가솔린,준대형,세단,FF,7465,http://file.carisyou.com/newcar/color/3116_saab_9-52006_0.jpg,250마력
 2006 사브 9-3,8.7~12.5km/ℓ,"가솔린,디젤",준중형,세단,-,4595,http://file.carisyou.com/newcar/color/3115_saab_9-32006_0.jpg,0마력
 2004 기아 뉴 스포티지,14.1km/ℓ,디젤,준중형,SUV,4WD,1726,http://file.carisyou.com/newcar/color/3106_kia_newsportage2004_0.jpg,115마력
 2007 한국지엠 토스카,13.0km/ℓ,디젤,중형,세단,FF,2619,http://file.carisyou.com/newcar/color/3100_gmdaewoo_tosca2010_0.jpg,150마력
 1994 한국지엠 에스페로,12.8~14.8km/ℓ,가솔린,준중형,세단,FF,1033,http://file.carisyou.com/newcar/color/3099_gmdaewoo_espero1994_0.jpg,110마력
 2003 한국지엠 라세티,12.7~18.4km/ℓ,"가솔린,디젤",준중형,세단,FF,1792,http://file.carisyou.com/newcar/color/3092_gmdaewoo_lacetti2003_0.jpg,106마력
 2006 한국지엠 라보,10.7~11.8km/ℓ,엘피지,경형,트럭,FR,794,http://file.carisyou.com/newcar/color/3091_gmdaewoo_labo2006_0.jpg,38마력
 2001 한국지엠 라노스2,15.5km/ℓ,가솔린,소형,해치백,FF,936,http://file.carisyou.com/newcar/color/3090_gmdaewoo_lanosii2001_0.jpg,101마력
 1999 한국지엠 라노스,14.4~15.5km/ℓ,가솔린,소형,해치백,FF,648,http://file.carisyou.com/newcar/color/3089_gmdaewoo_lanos1999_0.jpg,101마력
 1996 한국지엠 뉴 프린스,11.0~13.4km/ℓ,가솔린,중형,세단,FR,1380,http://file.carisyou.com/newcar/color/3088_gmdaewoo_newprince1997_100.jpg,110마력
 2001 현대 뉴 그레이스,7.4~11.3km/ℓ,"디젤,엘피지",소형,버스,FR,1330,,83마력
 2003 현대 갤로퍼2,8.1~9.1km/ℓ,디젤,"소형,중형",SUV,FF,2320,http://file.carisyou.com/newcar/color/3084_hyundai_galloper2003_0.jpg,83마력
 2007 랜드로버 프리랜더2,8.0km/ℓ,"가솔린,디젤",준중형,SUV,4WD,5850,http://file.carisyou.com/newcar/color/3082_landrover_freelander22007_0.jpg,160마력
 2007 푸조 307,14.4km/ℓ,디젤,준중형,해치백,FF,3350,http://file.carisyou.com/upload/2019/07/23/FILE_201907230504291420.png,138마력
 2003 푸조 807,11.7km/ℓ,디젤,중형,RV,FF,5500,http://file.carisyou.com/newcar/color/3079_peugeot_8072003_100.jpg,110마력
 2007 푸조 607,11.0km/ℓ,가솔린,준대형,세단,FF,6000,http://file.carisyou.com/newcar/color/3078_peugeot_new6072007_0.jpg,210마력
 2007 푸조 407,8.8~14.3km/ℓ,"가솔린,디젤",중형,"세단,왜건,쿠페외형전체>",FF,7040,http://file.carisyou.com/newcar/color/3075_peugeot_4072007_100.jpg,138마력
 2006 푸조 207,12.4km/ℓ,가솔린,소형,컨버터블,FF,3650,http://file.carisyou.com/newcar/color/3071_peugeot_207cc2006_0.jpg,120마력
 2007 푸조 207,12.4~12.5km/ℓ,가솔린,소형,"왜건,컨버터블,해치백외형전체>",FF,3850,http://file.carisyou.com/newcar/color/3070_peugeot_2072007_100.jpg,120마력
 2005 푸조 206,7.1~12.0km/ℓ,가솔린,소형,"왜건,컨버터블,해치백외형전체>",FF,3400,http://file.carisyou.com/newcar/color/3068_peugeot_206sw2005_0.jpg,110마력
 2007 혼다 어코드(7세대),8.2~11.5km/ℓ,"가솔린,가솔린/하이브리드",중형,"세단,쿠페외형전체>",FF,3940,http://file.carisyou.com/newcar/color/3043_honda_accord2007_0.jpg,166마력
 2007 혼다 시빅(8세대),9.5~23.2km/ℓ,"가솔린,가솔린/하이브리드",준중형,"세단,쿠페외형전체>",FF,3390,http://file.carisyou.com/upload/2017/08/21/FILE_201708210116434150.jpg,140마력
 2007 볼보 V50(2세대),9.5km/ℓ,가솔린,준중형,왜건,FF,3804,http://file.carisyou.com/newcar/color/3018_volvo_v502007_0.jpg,170마력
 2007 볼보 S40(2세대),10.3km/ℓ,가솔린,준중형,세단,FF,3640,http://file.carisyou.com/newcar/color/3017_volvo_s402006_0.jpg,170마력
