모델명,연비,연료타입,차급,외형,엔진,가격,이미지,출력
 2006 렉서스 RX(2세대),7.4~12.9km/ℓ,"가솔린,가솔린/하이브리드",중형,SUV,4WD,8000,http://file.carisyou.com/newcar/color/2978_lexus_rx2006_0.jpg,233마력
 2006 렉서스 IS(2세대),8.7~11.4km/ℓ,가솔린,준중형,세단,FR,4500,http://file.carisyou.com/newcar/color/2977_lexus_is2006_0.jpg,306마력
 2007 벤츠 CL클래스(3세대),6.7~7.1km/ℓ,가솔린,대형,쿠페,FR,29000,http://file.carisyou.com/newcar/color/2973_benz_cl-class2007_0.jpg,604마력
 2005 포드 파이브헌드레드,9.6~10.0km/ℓ,가솔린,대형,세단,4WD,3980,http://file.carisyou.com/newcar/color/2971_ford_fivehundred2004_0.jpg,203마력
 2005 포드 토러스(4세대),9.4km/ℓ,가솔린,대형,세단,FF,3900,http://file.carisyou.com/newcar/color/2966_ford_taurus2005_100.jpg,204마력
 2007 BMW 6시리즈(2세대),7.0~7.3km/ℓ,가솔린,준대형,"컨버터블,쿠페외형전체>",FR,17120,http://file.carisyou.com/upload/2018/08/16/FILE_201808160426087690.png,360마력
 2007 BMW 3시리즈,7.4~8.6km/ℓ,가솔린,준중형,"세단,쿠페외형전체>",FR,7630,http://file.carisyou.com/newcar/color/2955_bmw_3series2007_0.jpg,0마력
 2005 폭스바겐 파사트,10.6km/ℓ,가솔린,중형,세단,FF,4180,http://file.carisyou.com/newcar/color/2950_volkswagen_passat2005_0.jpg,150마력
 2009 르노코리아 QM5,11.2~14.8km/ℓ,"가솔린,디젤",준중형,SUV,FF,3150,http://file.carisyou.com/newcar/color/2949_renaultsamsung_qm52008_0.jpg,150마력
 2008 현대 쏘나타 트랜스폼(NF),11.5~17.1km/ℓ,"가솔린,디젤,엘피지",중형,세단,FF,3011,http://file.carisyou.com/newcar/color/2948_hyundai_sonatatransform2008_112.jpg,163마력
 2008 현대 뉴 투스카니,9.0~11.6km/ℓ,가솔린,준중형,쿠페,FF,2558,http://file.carisyou.com/newcar/color/2947_hyundai_tuscani2008_0.jpg,143마력
 2008 현대 뉴 아반떼 HD,12.8~21.0km/ℓ,"가솔린,디젤",준중형,세단,FF,2090,http://file.carisyou.com/newcar/color/2946_hyundai_avantehd2008_100.jpg,121마력
 2008 기아 뉴 프라이드,13.0~20.5km/ℓ,"가솔린,디젤",소형,"세단,해치백외형전체>",FF,1463,http://file.carisyou.com/newcar/color/2944_kia_newpride2008_100.jpg,95마력
 2007 폭스바겐 비틀 카브리올레(2세대),9.8km/ℓ,가솔린,소형,컨버터블,FF,3950,http://file.carisyou.com/newcar/color/2943_volkswagen_newbeetlecabriolet2007_0.jpg,115마력
 2007 폭스바겐 비틀(2세대),10.1km/ℓ,가솔린,소형,해치백,FF,3300,http://file.carisyou.com/newcar/color/2942_volkswagen_newbeetle2007_0.jpg,115마력
 2008 벤츠 C클래스(3세대),6.1~12.9km/ℓ,"가솔린,디젤",준중형,세단,FR,9190,http://file.carisyou.com/newcar/color/2941_benz_newc-class2008_0.jpg,525마력
 2007 볼보 C70(2세대),9.7km/ℓ,가솔린,준중형,컨버터블,FF,6850,http://file.carisyou.com/newcar/color/2940_volvo_c702007_0.jpg,220마력
 2007 볼보 C30,10.3km/ℓ,가솔린,준중형,해치백,FF,3290,http://file.carisyou.com/newcar/color/2939_volvo_c302007_0.jpg,170마력
 2007 볼보 S80(2세대),7.3~13.0km/ℓ,"가솔린,디젤",중형,세단,FF,8600,http://file.carisyou.com/newcar/color/2938_volvo_s802007_0.jpg,185마력
 2007 볼보 S60,7.8~12.2km/ℓ,"가솔린,디젤",준중형,세단,FF,4600,http://file.carisyou.com/newcar/color/2937_volvo_s602007_0.jpg,185마력
 2008 기아 뉴 스포티지,9.2~15.2km/ℓ,"가솔린,디젤",준중형,SUV,FF,2613,http://file.carisyou.com/newcar/color/2934_kia_newsportage2008_100.jpg,142마력
 2007 BMW 3시리즈,8.2km/ℓ,가솔린,준중형,컨버터블,FR,8990,http://file.carisyou.com/newcar/color/2931_bmw_3seriesconvertible2007_0.jpg,230마력
 2008 KGM 뉴 로디우스,9.7~10.3km/ℓ,디젤,대형,RV,FR,3380,http://file.carisyou.com/newcar/color/2930_ssangyong_rodius2008_100.jpg,165마력
 2007 KGM 뉴 카이런,10.6~12.8km/ℓ,디젤,중형,SUV,2WD,3004,http://file.carisyou.com/newcar/color/2929_ssangyong_newkyron2008_0.jpg,145마력
 2007 르노코리아 SM7 플레저 에디션,9.0~9.8km/ℓ,가솔린,준대형,세단,FF,3755,http://file.carisyou.com/newcar/color/2928_renaultsamsung_sm7pleasureedition2008_0.jpg,170마력
 2008 한국지엠 G2X,9.8km/ℓ,가솔린,소형,컨버터블,FR,4390,http://file.carisyou.com/newcar/color/2927_gmdaewoo_g2x2008_0.jpg,264마력
 2008 한국지엠 뉴 라세티,12.3~18.4km/ℓ,"가솔린,디젤",준중형,"세단,왜건,해치백외형전체>",FF,1862,http://file.carisyou.com/newcar/color/2924_gmdaewoo_lacetti2008_100.jpg,109마력
 2008 기아 뉴 쎄라토,12.0~20.7km/ℓ,"가솔린,디젤",준중형,"세단,해치백외형전체>",FF,1729,http://file.carisyou.com/newcar/color/2917_kia_newcerato2008_0.jpg,121마력
 2007 현대 트라제 XG,11.0km/ℓ,디젤,중형,RV,FF,2383,http://file.carisyou.com/newcar/color/2915_hyundai_tragetxg2007_0.jpg,126마력
 2008 현대 베르나(MC),13.2~20.6km/ℓ,"가솔린,가솔린/하이브리드,디젤",소형,"세단,해치백외형전체>",FF,1447,http://file.carisyou.com/newcar/color/2914_hyundai_vernasporty2008_0.jpg,0마력
 2008 현대 뉴 클릭,13.5~20.1km/ℓ,"가솔린,디젤",소형,해치백,FF,1112,http://file.carisyou.com/newcar/color/2912_hyundai_newclick2008_0.jpg,95마력
 2008 기아 뉴 쏘렌토,10.7~11.8km/ℓ,디젤,중형,SUV,4WD,3308,http://file.carisyou.com/newcar/color/2908_kia_newsorento2008_100.jpg,178마력
 2008 한국지엠 윈스톰,11.1~14.0km/ℓ,디젤,중형,SUV,FF,3028,http://file.carisyou.com/newcar/color/2906_gmdaewoo_winstorm2008_100.jpg,150마력
 2008 기아 뉴 오피러스,7.5~9.2km/ℓ,"가솔린,엘피지",준대형,세단,FF,5600,http://file.carisyou.com/newcar/color/2905_kia_newopirus2008_100.jpg,192마력
 2008 현대 i30(FD),12.4~20.5km/ℓ,"가솔린,디젤",준중형,해치백,FF,1945,http://file.carisyou.com/newcar/color/2904_hyundai_i302008_100.jpg,121마력
 2008 르노코리아 SM5 뉴 임프레션,8.9~11.0km/ℓ,"가솔린,엘피지",중형,세단,FF,2550,http://file.carisyou.com/newcar/color/2903_renaultsamsung_sm5newimpression2008_100.jpg,143마력
 2007 기아 로체 어드밴스,8.8~17.3km/ℓ,"가솔린,디젤,엘피지",중형,세단,FF,2662,http://file.carisyou.com/newcar/color/2902_kia_lotzeadvance2007_0.jpg,133마력
 2007 BMW X3(1세대),6.8~11.0km/ℓ,"가솔린,디젤",준중형,SUV,4WD,7640,http://file.carisyou.com/newcar/color/2901_bmw_x32007_0.jpg,231마력
 2008 르노코리아 SM3 뉴제너레이션,12.6~14.5km/ℓ,가솔린,준중형,세단,FF,1598,http://file.carisyou.com/newcar/color/2900_renaultsamsung_newsm32008_100.jpg,107마력
 2007 BMW 5시리즈,7.4~8.8km/ℓ,가솔린,중형,세단,FR,9150,http://file.carisyou.com/newcar/color/bmw_new5series2007_0.jpg,230마력
 2007 현대 그랜드 스타렉스,11.5km/ℓ,디젤,소형,버스,FR,4200,http://file.carisyou.com/newcar/color/2898_hyundai_grandstarex2007_0.jpg,174마력
 2008 한국지엠 뉴 마티즈,20.9km/ℓ,가솔린,경형,해치백,FF,931,http://file.carisyou.com/newcar/color/2897_gmdaewoo_allnewmatiz2008_100.jpg,52마력
 2008 한국지엠 젠트라 X,15.4~17.5km/ℓ,가솔린,소형,해치백,FF,976,http://file.carisyou.com/newcar/color/2936_gmdaewoo_gentrax2008_0.jpg,85마력
 2007 크라이슬러 크로스파이어,10.0km/ℓ,가솔린,소형,"컨버터블,쿠페외형전체>",FR,5890,http://file.carisyou.com/newcar/color/2895_chrysler_crossfireroadster2007_0.jpg,218마력
 2007 벤츠 마이비(1세대),13.3km/ℓ,가솔린,준중형,RV,FF,3690,http://file.carisyou.com/newcar/color/2894_benz_myb2007_100.jpg,136마력
 2007 현대 뉴 싼타페(CM),12.5~14.4km/ℓ,디젤,중형,SUV,FF,3597,http://file.carisyou.com/newcar/color/2893_hyundai_newsantafe2007_0.jpg,158마력
 2007 링컨 MKX(1세대),7.9km/ℓ,가솔린,중형,SUV,4WD,5390,http://file.carisyou.com/newcar/color/2892_lincoln_mkx2007_0.jpg,270마력
 2007 링컨 MKZ(1세대),8.4km/ℓ,가솔린,중형,세단,FF,4390,http://file.carisyou.com/newcar/color/2891_lincoln_mkz2007_0.jpg,267마력
 2007 닷지 다코타(3세대),5.8km/ℓ,가솔린,대형,픽업트럭,4WD,4480,http://file.carisyou.com/newcar/color/2890_dodge_dakota2007_0.jpg,235마력
 2007 지프 그랜드 체로키(3세대),6.6~9.5km/ℓ,"가솔린,디젤",중형,SUV,4WD,6750,http://file.carisyou.com/newcar/color/2889_jeep_grandcherokee2007_0.jpg,218마력
 2007 크라이슬러 크로스파이어,10.0km/ℓ,가솔린,소형,쿠페,FR,5390,http://file.carisyou.com/newcar/color/2888_chrysler_crossfirecoupe2007_0.jpg,218마력
 2007 크라이슬러 300C(1세대),6.7~8.7km/ℓ,가솔린,대형,세단,FR,7480,http://file.carisyou.com/newcar/color/2887_chrysler_300c2007_0.jpg,257마력
 2007 크라이슬러 그랜드 보이저(4세대),9.5km/ℓ,디젤,대형,RV,FF,5120,http://file.carisyou.com/newcar/color/2886_chrysler_grandvoyager2007_0.jpg,150마력
 2007 크라이슬러 세브링(3세대),9.4km/ℓ,가솔린,중형,세단,FF,3290,http://file.carisyou.com/newcar/color/2885_chrysler_sebringsedan2007_0.jpg,173마력
 2007 크라이슬러 PT 크루저,8.2km/ℓ,가솔린,준중형,"컨버터블,해치백외형전체>",FF,3250,http://file.carisyou.com/newcar/color/2884_chrysler_ptcruiser2007_0.jpg,152마력
 2007 아우디 S8,-,가솔린,대형,세단,0,18130,http://file.carisyou.com/newcar/color/2883_audi_s82007_0.gif,450마력
 2007 아우디 S6,-,가솔린,중형,세단,0,15590,http://file.carisyou.com/newcar/color/2882_audi_s62007_0.gif,435마력
 2007 아우디 A8(2세대),5.2~10.4km/ℓ,"가솔린,디젤",대형,세단,4WD,24510,http://file.carisyou.com/newcar/color/2880_audi_a82007_0.gif,260마력
 2007 아우디 A6(6세대),8.1~12.0km/ℓ,"가솔린,디젤",중형,세단,FF,11400,http://file.carisyou.com/newcar/color/2879_audi_a62007_0.jpg,170마력
 2007 아우디 A4(3세대),7.0~12.0km/ℓ,가솔린,준중형,"세단,왜건,컨버터블외형전체>",FF,7180,http://file.carisyou.com/newcar/color/2878_audi_a42007_0.jpg,163마력
 2008 혼다 시빅(8세대),11.5~23.2km/ℓ,"가솔린,가솔린/하이브리드",준중형,세단,FF,3390,http://file.carisyou.com/upload/2017/08/21/FILE_201708210116434150.jpg,140마력
 2007 혼다 레전드(4세대),8.1km/ℓ,가솔린,준대형,세단,4WD,6780,http://file.carisyou.com/newcar/color/honda_legend2007_0.jpg,295마력
 2007 혼다 CR-V(3세대),10.0~10.4km/ℓ,가솔린,준중형,SUV,FF,3490,http://file.carisyou.com/newcar/color/2875_honda_cr-v2007_0.jpg,170마력
 2007 혼다 어코드,9.4~11.2km/ℓ,가솔린,중형,세단,FF,3940,http://file.carisyou.com/newcar/color/2874_honda_accord2007_0.jpg,170마력
 2007 링컨 타운카(3세대),7.6km/ℓ,가솔린,대형,리무진,FR,7600,http://file.carisyou.com/newcar/color/2873_lincoln_towncar2007_0.jpg,242마력
 2007 포드 익스플로러(4세대),6.5km/ℓ,가솔린,대형,SUV,4WD,5140,http://file.carisyou.com/newcar/color/2872_ford_explorer2007_0.jpg,213마력
 2007 포드 몬데오(3세대),9.5km/ℓ,가솔린,중형,세단,FF,2660,http://file.carisyou.com/newcar/color/2871_ford_mondeo2007_0.jpg,145마력
 2007 포드 이스케이프,10.0km/ℓ,가솔린,준중형,SUV,AWD,2999,http://file.carisyou.com/newcar/color/2870_ford_escape2007_0.jpg,155마력
 2008 포드 머스탱(5세대),7.0~8.3km/ℓ,가솔린,중형,"컨버터블,쿠페외형전체>",FR,4200,http://file.carisyou.com/newcar/color/2869_ford_mustang2007_0.jpg,213마력
 2007 포드 파이브헌드레드,9.1km/ℓ,가솔린,대형,세단,FF,3980,http://file.carisyou.com/newcar/color/2868_ford_fivehundred2007_0.jpg,206마력
 2007 벤츠 SL클래스(5세대),6.0~7.7km/ℓ,가솔린,중형,컨버터블,FR,19830,http://file.carisyou.com/newcar/color/2867_benz_sl-class2007_0.jpg,510마력
 2007 벤츠 SLK클래스(2세대),10.1km/ℓ,가솔린,소형,컨버터블,FR,8790,http://file.carisyou.com/newcar/color/2866_benz_slk-class2007_0.jpg,272마력
 2007 벤츠 M클래스(2세대),4.5~9.3km/ℓ,"가솔린,디젤",중형,SUV,4WD,13990,http://file.carisyou.com/newcar/color/2865_benz_m-class2007_0.jpg,190마력
 2007 벤츠 C클래스,9.1km/ℓ,가솔린,준중형,세단,FR,5950,,204마력
 2007 벤츠 S클래스(5세대),6.0~8.3km/ℓ,가솔린,대형,세단,FR,33500,http://file.carisyou.com/newcar/color/2863_benz_s-class2007_0.jpg,272마력
 2007 벤츠 CLS클래스(1세대),6.9~8.7km/ℓ,가솔린,준대형,세단,FR,15990,http://file.carisyou.com/newcar/color/2862_benz_cls-class2007_0.jpg,272마력
 2007 벤츠 E클래스(3세대),7.1~12.5km/ℓ,"가솔린,디젤",중형,세단,FR,10590,http://file.carisyou.com/newcar/color/2861_benz_e-class2007_0.jpg,184마력
 2007 BMW M5(4세대),6.0km/ℓ,가솔린,중형,세단,FR,16890,http://file.carisyou.com/newcar/color/2860_bmw_m2007_0.jpg,507마력
 2007 BMW Z4(1세대),10.0km/ℓ,가솔린,소형,"컨버터블,쿠페외형전체>",FR,8100,http://file.carisyou.com/newcar/color/2932_bmw_z4coupe2007_0.gif,265마력
 2007 BMW X5(2세대),7.2~10.5km/ℓ,"가솔린,디젤",중형,SUV,4WD,12490,http://file.carisyou.com/newcar/color/2858_bmw_x52007_0.jpg,235마력
 2007 BMW 7시리즈(4세대),7.3~8.5km/ℓ,가솔린,대형,세단,FR,26410,http://file.carisyou.com/newcar/color/2857_bmw_7series2007_0.jpg,258마력
 2007 BMW 5시리즈(5세대),7.2~11.2km/ℓ,가솔린,중형,세단,FR,12600,http://file.carisyou.com/newcar/color/2856_bmw_5series2007_0.jpg,156마력
 2007 BMW 3시리즈(5세대),7.4~11.2km/ℓ,가솔린,준중형,"세단,컨버터블,쿠페외형전체>",FR,8990,http://file.carisyou.com/upload/2019/07/23/FILE_201907231134068140.png,184마력
 2007 렉서스 SC(2세대),8.9km/ℓ,가솔린,중형,컨버터블,FR,11100,http://file.carisyou.com/newcar/color/2853_lexus_sc4302007_0.jpg,285마력
 2007 렉서스 ES(5세대),9.8km/ℓ,가솔린,중형,세단,FF,6520,http://file.carisyou.com/newcar/color/2852_lexus_es3502007_0.jpg,277마력
 2007 렉서스 RX(2세대),8.9~12.9km/ℓ,"가솔린,가솔린/하이브리드",중형,SUV,4WD,8000,http://file.carisyou.com/newcar/color/2854_lexus_rx400h2007_0.jpg,276마력
 2007 렉서스 IS(2세대),9.9km/ℓ,가솔린,준중형,세단,FR,4500,http://file.carisyou.com/newcar/color/2850_lexus_is2502007_0.jpg,204마력
 2007 렉서스 GS(3세대),7.4~8.6km/ℓ,가솔린,중형,세단,FR,8130,http://file.carisyou.com/newcar/color/2849_lexus_gs3502007_0.jpg,303마력
 2007 렉서스 GS,7.4km/ℓ,가솔린,중형,세단,FR,8130,http://file.carisyou.com/newcar/color/2848_lexus_gs4302007_0.jpg,290마력
 2007 렉서스 LS(4세대),7.4~8.8km/ℓ,가솔린,대형,세단,FR,16300,http://file.carisyou.com/newcar/color/2847_lexus_ls460l2007_0.jpg,380마력
 2007 현대 뉴 그랜저(TG),7.4~9.4km/ℓ,"가솔린,엘피지",준대형,세단,FF,4059,http://file.carisyou.com/upload/2019/07/18/FILE_201907180500525480.png,164마력
 2007 현대 포터2,8.7~10.9km/ℓ,디젤,소형,트럭,FR,2437,http://file.carisyou.com/newcar/color/2845_hyundai_poterii2007_100.jpg,94마력
 2007 한국지엠 토스카,8.6~13.0km/ℓ,"가솔린,디젤,엘피지",중형,세단,FF,2621,http://file.carisyou.com/newcar/color/2844_gmdaewoo_tosca2007_0.jpg,119마력
 2007 기아 뉴 프라이드,13.0~20.5km/ℓ,"가솔린,디젤",소형,"세단,해치백외형전체>",FF,1433,http://file.carisyou.com/upload/2019/07/24/FILE_201907240202197120.png,95마력
 2006 기아 봉고3 트럭,9.6~12.0km/ℓ,디젤,소형,트럭,FR,2682,http://file.carisyou.com/newcar/color/2840_kia_bongoiiitruck2006_0.jpg,94마력
 2007 기아 뉴 쎄라토,13.2~15.1km/ℓ,가솔린,준중형,"세단,해치백외형전체>",FF,1520,http://file.carisyou.com/newcar/color/2839_kia_newceratosx2007_0.jpg,121마력
 2007 현대 뉴 투스카니,9.0~12.5km/ℓ,가솔린,준중형,쿠페,FF,2558,http://file.carisyou.com/newcar/color/2838_hyundai_tuscani2007_0.jpg,143마력
 2006 현대 리베로,8.0~10.9km/ℓ,디젤,소형,트럭,FR,4568,http://file.carisyou.com/newcar/color/2837_hyundai_libero2006_0.jpg,103마력
 2006 렉서스 LS,8.8km/ℓ,가솔린,대형,세단,FR,16300,http://file.carisyou.com/newcar/color/lexus_ls460l2006_0.jpg,380마력
 2007 현대 베라크루즈,8.1~11.0km/ℓ,"가솔린,디젤",준대형,SUV,FF,4345,http://file.carisyou.com/newcar/color/2834_hyundai_veracruz2007_0.jpg,240마력
 2007 KGM 액티언 스포츠,11.2~12.9km/ℓ,디젤,중형,픽업트럭,FR,2452,http://file.carisyou.com/upload/2019/07/19/FILE_201907190459101820.png,145마력
 2007 KGM 액티언,11.7~13.1km/ℓ,디젤,준중형,SUV,FR,2787,http://file.carisyou.com/newcar/color/2832_ssangyong_actyon2007_0.jpg,145마력
 2007 KGM 뉴 카이런,10.2~12.8km/ℓ,디젤,중형,SUV,FR,3483,http://file.carisyou.com/newcar/color/2831_ssangyong_kyron2007_0.jpg,145마력
 2007 KGM 로디우스,9.7~10.2km/ℓ,디젤,대형,RV,FR,3453,http://file.carisyou.com/newcar/color/2830_ssangyong_rodius2007_0.jpg,165마력
 2008 KGM 렉스턴2 유로,10.7km/ℓ,디젤,중형,SUV,FR,4119,http://file.carisyou.com/newcar/color/2829_ssangyong_rexton2008_0.jpg,176마력
 2007 르노코리아 SM7,9.0~9.8km/ℓ,가솔린,준대형,세단,FF,3755,http://file.carisyou.com/newcar/color/2828_renaultsamsung_sm72007_0.jpg,170마력
 2007 르노코리아 뉴 SM5(EX1),8.9~12.3km/ℓ,"가솔린,엘피지",중형,세단,FF,2360,http://file.carisyou.com/upload/2019/07/24/FILE_201907241102284030.png,140마력
 2007 르노코리아 SM3 뉴제너레이션,12.6~14.5km/ℓ,가솔린,준중형,세단,FF,1575,http://file.carisyou.com/newcar/color/2826_renaultsamsung_sm32007_0.jpg,107마력
 2006 렉서스 GS,-,가솔린,중형,세단,FR,7310,http://file.carisyou.com/newcar/color/2825_lexus_gs3502006_0.jpg,307마력
 2007 볼보 S60(1세대),7.8~12.6km/ℓ,"가솔린,디젤",준중형,세단,FF,8615,http://file.carisyou.com/newcar/color/2824_volvo_s602007_0.jpg,180마력
 2007 현대 NF 쏘나타,9.0~17.1km/ℓ,"가솔린,디젤,엘피지",중형,세단,FF,3500,http://file.carisyou.com/upload/2019/07/18/FILE_201907180522310130.png,144마력
 2007 한국지엠 젠트라,12.7~15.2km/ℓ,가솔린,소형,세단,FF,1205,http://file.carisyou.com/newcar/color/2821_gmdaewoo_gentra2007_0.jpg,86마력
 2007 한국지엠 뉴 칼로스,13.3~16.5km/ℓ,가솔린,소형,해치백,FF,1075,http://file.carisyou.com/newcar/color/2820_gmdaewoo_kalos2007_0.jpg,71마력
 2007 아우디 Q7(1세대),7.4~9.5km/ℓ,"가솔린,디젤",대형,SUV,4WD,12450,http://file.carisyou.com/newcar/color/2819_audi_q72007_0.gif,280마력
 2007 기아 뉴 스포티지,9.2~15.2km/ℓ,"가솔린,디젤",준중형,SUV,FF,2587,http://file.carisyou.com/newcar/color/2818_kia_sportage2007_0.jpg,142마력
 2006 폭스바겐 비틀 카브리올레,9.8km/ℓ,가솔린,소형,컨버터블,FF,3830,http://file.carisyou.com/newcar/color/2817_volkswagen_newbeetlecabriolet2006_0.jpg,115마력
 2006 폭스바겐 비틀(2세대),10.1km/ℓ,가솔린,소형,해치백,FF,3210,http://file.carisyou.com/newcar/color/2816_volkswagen_newbeetle2006_0.jpg,115마력
 2007 한국지엠 뉴 라세티,12.3~14.4km/ℓ,"가솔린,디젤",준중형,"세단,왜건,해치백외형전체>",FF,1845,http://file.carisyou.com/newcar/color/2815_gmdaewoo_newlacetti2007_0.jpg,109마력
 2006 재규어 X-타입,7.0~8.4km/ℓ,가솔린,준중형,세단,4WD,6670,http://file.carisyou.com/newcar/color/2814_jaguar_x-type2006_0.gif,157마력
 2006 기아 뉴 쎄라토,12.0~20.7km/ℓ,"가솔린,디젤",준중형,"세단,해치백외형전체>",FF,1708,http://file.carisyou.com/newcar/color/2813_kia_newcerato2006_100.jpg,121마력
 2006 한국지엠 윈스톰,11.1~14.0km/ℓ,디젤,중형,SUV,FF,2938,http://file.carisyou.com/newcar/color/2812_gmkorea_winstorm2006_100.jpg,150마력
 2007 KGM 뉴 체어맨,7.8~8.0km/ℓ,가솔린,대형,"리무진,세단외형전체>",FR,7750,http://file.carisyou.com/upload/2019/07/23/FILE_201907230302268590.png,197마력
 2006 캐딜락 에스컬레이드(2세대),5.3~5.7km/ℓ,가솔린,대형,SUV,FR,11640,http://file.carisyou.com/newcar/color/2809_cadillac_escalade2006_100.jpg,345마력
 2006 캐딜락 SRX(1세대),6.5~7.2km/ℓ,가솔린,중형,SUV,FR,8840,http://file.carisyou.com/newcar/color/2808_cadillac_srx2006_0.jpg,255마력
 2006 캐딜락 DTS,6.7km/ℓ,가솔린,대형,세단,FF,9980,http://file.carisyou.com/newcar/color/2807_cadillac_dts2006_0.jpg,291마력
 2006 캐딜락 STS,6.8~7.6km/ℓ,가솔린,대형,세단,FR,7790,http://file.carisyou.com/newcar/color/2806_cadillac_sts2006_0.jpg,260마력
 2006 캐딜락 CTS(1세대),7.7~8.4km/ℓ,가솔린,중형,세단,FR,6492,http://file.carisyou.com/newcar/color/2805_cadillac_cts2006_0.jpg,210마력
 2006 사브 9-3,8.3km/ℓ,가솔린,준중형,컨버터블,FF,5635,http://file.carisyou.com/newcar/color/saab_9-3convertible2006_0.jpg,175마력
 2006 사브 9-3(2세대),8.7~12.5km/ℓ,"가솔린,디젤",준중형,"세단,왜건외형전체>",FF,6410,http://file.carisyou.com/newcar/color/saab_9-3sportsedan2006_0.jpg,150마력
 2006 사브 9-5(1세대),8.3~8.9km/ℓ,가솔린,준대형,세단,FF,7460,http://file.carisyou.com/newcar/color/saab_9-5sedan2006_0.jpg,150마력
 2006 랜드로버 프리랜더,7.7km/ℓ,가솔린,준중형,SUV,4WD,5230,http://file.carisyou.com/newcar/color/2800_landrover_freelander2006_0.jpg,177마력
 2006 BMW Z4(1세대),8.6~10.0km/ℓ,가솔린,소형,컨버터블,FR,8000,http://file.carisyou.com/newcar/color/2799_bmw_z42006_0.jpg,192마력
 2006 BMW M5(4세대),14.8km/ℓ,가솔린,중형,세단,FR,16890,http://file.carisyou.com/newcar/color/bmw_m2006_0.jpg,507마력
 2006 BMW X5(1세대),7.4~8.0km/ℓ,가솔린,중형,SUV,4WD,11950,http://file.carisyou.com/newcar/color/2797_bmw_x52006_0.jpg,231마력
 2006 BMW X3(1세대),6.8~7.1km/ℓ,가솔린,준중형,SUV,4WD,7410,http://file.carisyou.com/newcar/color/2796_bmw_x32006_0.gif,192마력
 2006 기아 뉴 오피러스,8.6~9.2km/ℓ,"가솔린,엘피지",준대형,세단,FF,5580,http://file.carisyou.com/newcar/color/2795_kia_newopirus2006_0.jpg,192마력
 2006 BMW 7시리즈(4세대),"6.7~7.6km/kg,km/ℓ","가솔린,수소",대형,세단,FR,26130,http://file.carisyou.com/newcar/color/2794_bmw_7series2006_100.jpg,260마력
 2006 BMW 6시리즈(2세대),7.0km/ℓ,가솔린,준대형,컨버터블,FR,17120,http://file.carisyou.com/newcar/color/2793_bmw_6series2006_0.jpg,367마력
 2006 BMW 5시리즈(5세대),8.5~8.6km/ℓ,가솔린,중형,세단,FR,12600,http://file.carisyou.com/newcar/color/2792_bmw_5series2006_0.jpg,177마력
 2006 크라이슬러 그랜드 보이저(4세대),7.1~9.5km/ℓ,"가솔린,디젤",대형,RV,FF,5120,http://file.carisyou.com/newcar/color/2791_chrysler_grandvoyager2006_0.jpg,172마력
 2006 크라이슬러 세브링,8.8km/ℓ,가솔린,중형,컨버터블,FF,3790,http://file.carisyou.com/newcar/color/2790_chrysler_sebringconvertible2006_0.jpg,203마력
 2006 크라이슬러 세브링(2세대),8.8km/ℓ,가솔린,중형,"세단,컨버터블외형전체>",FF,3790,http://file.carisyou.com/newcar/color/2789_chrysler_sebringsedan2006_0.jpg,203마력
 2006 크라이슬러 크로스파이어,10.0km/ℓ,가솔린,소형,"컨버터블,쿠페외형전체>",FR,5890,http://file.carisyou.com/newcar/color/chrysler_crossfire2006_0.jpg,218마력
 2006 크라이슬러 PT 크루저,8.2~8.9km/ℓ,가솔린,준중형,"컨버터블,해치백외형전체>",FF,3250,http://file.carisyou.com/newcar/color/chrysler_ptcruiser2006_0.jpg,152마력
 2006 벤츠 M클래스(2세대),7.1km/ℓ,가솔린,중형,SUV,4WD,9380,http://file.carisyou.com/newcar/color/2786_benz_m-class2006_0.jpg,272마력
 2006 벤츠 SL클래스(5세대),5.4~8.4km/ℓ,가솔린,중형,컨버터블,FR,26120,http://file.carisyou.com/newcar/color/2785_benz_sl-class2006_0.jpg,306마력
 2006 벤츠 SLK클래스(2세대),6.9~10.4km/ℓ,가솔린,소형,컨버터블,FR,10101,http://file.carisyou.com/newcar/color/2784_benz_slk-class2006_0.jpg,163마력
 2006 벤츠 CLK클래스(2세대),9.1km/ℓ,가솔린,준중형,"컨버터블,쿠페외형전체>",FR,9670,http://file.carisyou.com/newcar/color/2783_benz_clk-class2006_0.jpg,272마력
 2006 벤츠 S클래스(5세대),6.0~10.1km/ℓ,가솔린,대형,세단,FR,25070,http://file.carisyou.com/newcar/color/2782_benz_s-class2006_0.jpg,272마력
 2006 벤츠 E클래스(3세대),6.5~10.2km/ℓ,가솔린,중형,세단,FR,17130,http://file.carisyou.com/newcar/color/2781_benz_e-class2006_0.jpg,183마력
 2006 벤츠 C클래스(2세대),8.9~9.6km/ℓ,가솔린,준중형,세단,FR,6570,http://file.carisyou.com/newcar/color/2780_benz_c-class2006_0.jpg,143마력
 2006 BMW 3시리즈(4세대),8.9km/ℓ,가솔린,준중형,컨버터블,FR,8030,http://file.carisyou.com/newcar/color/2779_bmw_3series2006_0.jpg,192마력
 2007 한국지엠 뉴 마티즈,16.6~20.9km/ℓ,가솔린,경형,해치백,FF,931,http://file.carisyou.com/newcar/color/2778_gmkorea_allnewmatiz2007_100.jpg,52마력
 2006 현대 뉴 아반떼 HD,12.8~21.0km/ℓ,"가솔린,디젤",준중형,세단,FF,2090,http://file.carisyou.com/upload/2019/07/24/FILE_201907240433118530.png,121마력
 2006 폭스바겐 파사트 바리안트(6세대),9.9~13.6km/ℓ,"가솔린,디젤",중형,왜건,FF,5250,http://file.carisyou.com/newcar/color/2776_volkswagen_passatvariant2006_0.jpg,150마력
 2005 크라이슬러 퍼시피카,7.8km/ℓ,가솔린,대형,SUV,4WD,5950,http://file.carisyou.com/newcar/color/2775_chrysler_pacifica2005_0.jpg,253마력
 2006 KGM 액티언 스포츠,11.2~12.9km/ℓ,디젤,중형,픽업트럭,FR,2452,http://file.carisyou.com/upload/2019/07/19/FILE_201907190459101820.png,145마력
 2006 크라이슬러 300C(1세대),6.7~11.9km/ℓ,"가솔린,디젤",대형,세단,FR,6980,http://file.carisyou.com/newcar/color/2772_chrysler_300c2006_0.jpg,193마력
 2006 포드 프리스타일,8.8km/ℓ,가솔린,대형,SUV,4WD,4930,http://file.carisyou.com/newcar/color/2771_ford_freestyle2006_0.jpg,206마력
 2006 재규어 XJ(3세대),7.4~11.6km/ℓ,"가솔린,디젤",대형,세단,FR,18100,http://file.carisyou.com/newcar/color/2770_jaguar_xj2006_0.jpg,206마력
 2006 현대 트라제 XG,9.1~11.0km/ℓ,"가솔린,디젤",중형,RV,FF,2303,http://file.carisyou.com/newcar/color/2769_hyundai_trajetxg2006_0.jpg,141마력
 2006 렉서스 ES(5세대),9.8km/ℓ,가솔린,중형,세단,FF,6360,http://file.carisyou.com/newcar/color/lexus_es3502006_0.jpg,277마력
 2006 볼보 V50(2세대),9.5km/ℓ,가솔린,준중형,왜건,FF,3744,http://file.carisyou.com/newcar/color/2767_volvo_v502006_0.jpg,170마력
 2007 기아 카렌스 뉴 페이스,8.1~15.1km/ℓ,"디젤,엘피지",준중형,RV,FF,2380,http://file.carisyou.com/upload/2019/07/19/FILE_201907190342549450.png,136마력
 2007 기아 뉴 쏘렌토,10.7~11.8km/ℓ,디젤,중형,SUV,4WD,3308,http://file.carisyou.com/newcar/color/2764_kia_sorento2007_0.jpg,178마력
 2006 폭스바겐 제타(5세대),10.1~14.0km/ℓ,"가솔린,디젤",준중형,세단,FF,4410,http://file.carisyou.com/newcar/color/2763_volkswagen_jetta2006_0.jpg,150마력
 2006 재규어 S-타입,7.9~12.8km/ℓ,"가솔린,디젤",중형,세단,FR,8580,http://file.carisyou.com/newcar/color/2762_jaguar_s-type2006_0.jpg,206마력
 2006 KGM 렉스턴2,10.4~10.7km/ℓ,디젤,중형,SUV,FR,4114,http://file.carisyou.com/newcar/color/2761_ssangyong_rexton22006_0.jpg,176마력
 2006 볼보 XC90(1세대),7.0~10.2km/ℓ,"가솔린,디젤",준대형,SUV,4WD,9672,http://file.carisyou.com/newcar/color/2760_volvo_xc902006_0.jpg,185마력
 2006 볼보 XC70(1세대),11.7km/ℓ,디젤,중형,왜건,4WD,6018,http://file.carisyou.com/newcar/color/2759_volvo_xc702006_0.jpg,185마력
 2006 볼보 S80(1세대),7.4~10.2km/ℓ,가솔린,중형,세단,FF,8648,http://file.carisyou.com/newcar/color/2758_volvo_s802006_0.jpg,180마력
 2006 볼보 S60(1세대),8.4~12.6km/ℓ,"가솔린,디젤",준중형,세단,FF,8615,http://file.carisyou.com/newcar/color/2757_volvo_s602006_0.jpg,163마력
 2006 볼보 S40(2세대),9.0km/ℓ,가솔린,준중형,세단,FF,3580,http://file.carisyou.com/newcar/color/2756_volvo_s402006_0.jpg,168마력
 2006 아우디 TT(1세대),8.1~11.2km/ℓ,가솔린,소형,"컨버터블,쿠페외형전체>",FF,7480,http://file.carisyou.com/newcar/color/audi_tt2006_0.jpg,180마력
 2006 아우디 올로드콰트로(5세대),7.6km/ℓ,디젤,중형,왜건,4WD,7860,http://file.carisyou.com/newcar/color/2754_audi_allroadquattro2006_0.gif,180마력
 2006 아우디 A8(2세대),6.7~10.2km/ℓ,가솔린,대형,세단,FF,24200,http://file.carisyou.com/newcar/color/2753_audi_a82006_0.gif,220마력
 2006 아우디 A6(6세대),8.1~9.8km/ℓ,"가솔린,디젤",중형,세단,FF,11400,http://file.carisyou.com/newcar/color/2752_audi_a62006_0.jpg,177마력
 2006 아우디 S4(3세대),8.4km/ℓ,가솔린,준중형,세단,4WD,17400,http://file.carisyou.com/newcar/color/2751_audi_s42006_0.gif,344마력
 2006 아우디 A4(2세대),10.4km/ℓ,가솔린,준중형,컨버터블,FF,6960,http://file.carisyou.com/newcar/color/2750_audi_a42006_0.jpg,200마력
 2006 혼다 CR-V(2세대),10.2~10.6km/ℓ,가솔린,준중형,SUV,FF,3490,http://file.carisyou.com/newcar/color/2749_honda_cr-v2006_0.jpg,160마력
 2006 렉서스 RX,8.9km/ℓ,가솔린,중형,SUV,4WD,7300,http://file.carisyou.com/newcar/color/lexus_rx3502006_0.jpg,276마력
 2006 렉서스 GS,8.9km/ℓ,가솔린,중형,세단,FR,8130,http://file.carisyou.com/newcar/color/2747_lexus_gs4302006_0.jpg,283마력
 2006 KGM 카이런,10.6~12.8km/ℓ,디젤,중형,SUV,FR,3287,http://file.carisyou.com/newcar/color/2746_ssangyong_kyrun2006_100.jpg,145마력
 2006 KGM 뉴 렉스턴,5.7~11.8km/ℓ,"가솔린,디젤",중형,SUV,FR,4494,http://file.carisyou.com/newcar/color/2745_ssangyong_newrexton2006_0.jpg,120마력
 2006 KGM 뉴 체어맨,7.7~8.0km/ℓ,가솔린,대형,"리무진,세단외형전체>",FR,6933,http://file.carisyou.com/upload/2019/07/23/FILE_201907230302268590.png,197마력
 2006 현대 라비타,11.4~13.6km/ℓ,가솔린,소형,RV,FF,1382,http://file.carisyou.com/newcar/color/2743_hyundai_lavita2006_0.jpg,103마력
 2006 현대 테라칸 파워플러스,9.8~10.8km/ℓ,디젤,중형,SUV,FR,3080,http://file.carisyou.com/newcar/color/2742_hyundai_terracan2006_0.jpg,170마력
 2006 현대 투싼,9.8~15.2km/ℓ,"가솔린,디젤",준중형,SUV,FF,2479,http://file.carisyou.com/upload/2019/07/19/FILE_201907190245087790.png,142마력
 2006 현대 뉴 에쿠스,6.8~7.9km/ℓ,가솔린,대형,"리무진,세단외형전체>",FF,9078,http://file.carisyou.com/upload/2019/07/23/FILE_201907230254115440.png,247마력
 2006 현대 뉴 그랜저(TG),9.0~9.4km/ℓ,가솔린,준대형,세단,FF,4057,http://file.carisyou.com/upload/2019/07/18/FILE_201907180500525480.png,192마력
 2006 현대 NF 쏘나타,9.0~17.1km/ℓ,"가솔린,디젤,엘피지",중형,세단,FF,3275,http://file.carisyou.com/upload/2019/07/18/FILE_201907180522310130.png,144마력
 2006 현대 투스카니,8.7~12.5km/ℓ,가솔린,준중형,쿠페,FF,2427,http://file.carisyou.com/newcar/color/2737_hyundai_tuscani2006_0.jpg,143마력
 2006 기아 뉴 카니발,10.5~12.6km/ℓ,디젤,대형,RV,FF,3170,http://file.carisyou.com/upload/2021/01/18/FILE_202101180822100530.png,170마력
 2006 폭스바겐 골프(5세대),11.9~15.7km/ℓ,"가솔린,디젤",준중형,해치백,FF,4040,http://file.carisyou.com/newcar/color/2734_volkswagen_golf2006_0.jpg,150마력
 2006 폭스바겐 투아렉(1세대),6.0~9.1km/ℓ,"가솔린,디젤",중형,SUV,4WD,12700,http://file.carisyou.com/newcar/color/2733_volkswagen_touareg2006_0.jpg,241마력
 2006 한국지엠 다마스2,10.6~11.0km/ℓ,엘피지,경형,버스,FR,666,http://file.carisyou.com/newcar/color/2731_gmdaewoo_damasii2006_0.jpg,38마력
 2006 한국지엠 스테이츠맨,8.6~8.8km/ℓ,가솔린,대형,세단,FR,5085,http://file.carisyou.com/newcar/color/2730_gmdaewoo_stateman2006_0.jpg,210마력
 2006 기아 뉴 프라이드,13.0~20.5km/ℓ,"가솔린,가솔린/하이브리드,디젤",소형,"세단,해치백외형전체>",FF,1477,http://file.carisyou.com/upload/2019/07/24/FILE_201907240202197120.png,93마력
 2006 한국지엠 뉴 칼로스,13.3~16.5km/ℓ,가솔린,소형,"세단,해치백외형전체>",FF,1087,http://file.carisyou.com/newcar/color/540_gmdaewoo_kalos2003_0.jpg,71마력
 2007 기아 모닝,15.5~18.3km/ℓ,가솔린,경형,해치백,FF,970,http://file.carisyou.com/newcar/color/2727_kia_morning2007_0.jpg,61마력
 2006 한국지엠 뉴 마티즈,16.6~20.9km/ℓ,가솔린,경형,해치백,FF,914,http://file.carisyou.com/newcar/color/2778_gmkorea_allnewmatiz2007_100.jpg,52마력
 2006 한국지엠 토스카,8.6~12.8km/ℓ,"가솔린,엘피지",중형,세단,FF,2565,http://file.carisyou.com/newcar/color/2725_gmdaewoo_tosca2006_0.jpg,144마력
 2006 포드 몬데오(3세대),9.5km/ℓ,가솔린,중형,세단,FF,2660,http://file.carisyou.com/newcar/color/2724_ford_newmondeo2006_100.jpg,145마력
 2006 현대 뉴 싼타페(CM),11.4~14.4km/ℓ,디젤,중형,SUV,FF,3429,http://file.carisyou.com/newcar/color/2723_hyundai_newsantafe2006_0.jpg,153마력
 2006 재규어 XK(1세대),7.6km/ℓ,가솔린,중형,"컨버터블,쿠페외형전체>",FR,15100,http://file.carisyou.com/newcar/color/2722_jaguar_xk2006_0.jpg,300마력
 2006 랜드로버 디스커버리3,5.6km/ℓ,가솔린,중형,SUV,4WD,7590,http://file.carisyou.com/newcar/color/2721_landrover_discovery32006_0.jpg,217마력
 2006 기아 로체,8.8~17.3km/ℓ,"가솔린,디젤,엘피지",중형,세단,FF,2871,http://file.carisyou.com/newcar/color/2720_kia_lotze2006_0.jpg,133마력
 2006 폭스바겐 파사트(6세대),10.2~13.7km/ℓ,"가솔린,디젤",중형,세단,FF,4510,http://file.carisyou.com/newcar/color/2719_volkswagen_passat2006_0.jpg,150마력
 2006 KGM 액티언,11.7~13.1km/ℓ,디젤,준중형,SUV,FR,2622,http://file.carisyou.com/newcar/color/2718_ssangyong_actyon2006_0.jpg,145마력
 2006 현대 베르나(MC),13.2~20.6km/ℓ,"가솔린,가솔린/하이브리드,디젤",소형,"세단,해치백외형전체>",FF,1631,http://file.carisyou.com/newcar/color/2717_hyundai_verna2006_0.jpg,0마력
 2006 렉서스 IS,11.4km/ℓ,가솔린,준중형,세단,FR,4500,http://file.carisyou.com/newcar/color/lexus_is2502006_0.jpg,207마력
 2006 폭스바겐 페이톤,5.8~9.5km/ℓ,"가솔린,디젤",대형,세단,4WD,17370,http://file.carisyou.com/newcar/color/2713_volkswagen_phaeton2006_0.jpg,225마력
 2006 혼다 어코드(7세대),9.4~10.0km/ℓ,가솔린,중형,세단,FF,3940,http://file.carisyou.com/newcar/color/honda_accord2006_0.jpg,170마력
 2006 벤츠 CLS클래스(1세대),6.5~8.7km/ℓ,가솔린,준대형,세단,FR,17560,http://file.carisyou.com/newcar/color/2711_benz_cls-class2006_0.jpg,302마력
 2007 인피니티 Q(3세대),8.1km/ℓ,가솔린,대형,세단,FR,15500,http://file.carisyou.com/newcar/color/2710_infiniti_q2007_0.jpg,340마력
 2007 인피니티 M(3세대),7.3~7.4km/ℓ,가솔린,중형,세단,FR,8110,http://file.carisyou.com/newcar/color/2709_infiniti_m2007_0.jpg,280마력
 2006 인피니티 G(3세대),8.8~9.0km/ℓ,가솔린,중형,"세단,쿠페외형전체>",FR,5580,http://file.carisyou.com/newcar/color/2708_infiniti_gcoupe2006_0.jpg,272마력
 2007 인피니티 FX(1세대),7.1~7.9km/ℓ,가솔린,중형,SUV,4WD,8530,http://file.carisyou.com/newcar/color/2706_infiniti_fx2007_0.jpg,280마력
 2006 한국지엠 젠트라,13.3~15.2km/ℓ,가솔린,소형,세단,FF,1204,http://file.carisyou.com/newcar/color/2702_gmdaewoo_gentra2006_0.jpg,86마력
 2006 KGM 로디우스,9.7~11.1km/ℓ,디젤,대형,RV,FR,3443,http://file.carisyou.com/newcar/color/2701_ssangyong_rodius2006_0.jpg,165마력
 2006 현대 뉴 아반떼 XD,10.7~18.9km/ℓ,"가솔린,디젤",준중형,"세단,해치백외형전체>",FF,1838,http://file.carisyou.com/newcar/color/2700_hyundai_newavantexd2006_0.jpg,110마력
 2006 르노코리아 SM3 뉴제너레이션,12.6~14.5km/ℓ,가솔린,준중형,세단,FF,1485,http://file.carisyou.com/newcar/color/renaultsamsung_sm32006_0.jpg,100마력
 2006 한국지엠 뉴 라세티,11.7~14.4km/ℓ,가솔린,준중형,"세단,해치백외형전체>",FF,1430,http://file.carisyou.com/newcar/color/2697_gmdaewoo_newlacetti2006_0.jpg,109마력
 2006 현대 뉴 스타렉스,8.8~11.4km/ℓ,디젤,소형,버스,FR,4880,http://file.carisyou.com/newcar/color/2694_hyundai_starex2006_0.jpg,103마력
 2006 현대 뉴 클릭,13.0~20.1km/ℓ,"가솔린,디젤",소형,해치백,FF,1210,http://file.carisyou.com/newcar/color/2693_hyundai_newclick2006_0.jpg,95마력
 2006 기아 그랜드 카니발,10.2~12.5km/ℓ,디젤,대형,RV,FF,4200,http://file.carisyou.com/upload/2019/07/19/FILE_201907190416557010.png,170마력
 2006 기아 쎄라토 유로,10.9~14.3km/ℓ,가솔린,준중형,해치백,FF,1712,http://file.carisyou.com/newcar/color/kia_ceratoeuro2006_0.jpg,110마력
 2006 기아 쎄라토,10.9~18.9km/ℓ,"가솔린,디젤",준중형,"세단,해치백외형전체>",FF,1713,http://file.carisyou.com/newcar/color/kia_cerato2006_0.jpg,110마력
 2006 한국지엠 뉴 레조,7.5~9.4km/ℓ,엘피지,준중형,RV,FF,1731,http://file.carisyou.com/newcar/color/2688_gmdaewoo_rezzo2006_0.jpg,93마력
 2006 포드 파이브헌드레드,9.1km/ℓ,가솔린,대형,세단,FF,3980,http://file.carisyou.com/newcar/color/2687_ford_fivehundred2006_0.jpg,206마력
 2006 기아 뉴 스포티지,9.2~15.2km/ℓ,"가솔린,디젤",준중형,SUV,FF,2584,http://file.carisyou.com/newcar/color/2684_kia_sportage2006_0.jpg,142마력
 2005 KGM 카이런,10.6~12.1km/ℓ,디젤,중형,SUV,4WD,3166,http://file.carisyou.com/newcar/color/2683_ssangyong_kyron2005_100.jpg,170마력
 2005 한국지엠 스테이츠맨,8.8km/ℓ,가솔린,대형,세단,FR,4995,http://file.carisyou.com/newcar/color/2682_gmdaewoo_statesman2005_0.jpg,210마력
 2005 현대 뉴 그랜저(TG),7.4~9.4km/ℓ,"가솔린,엘피지",준대형,세단,FF,3794,http://file.carisyou.com/upload/2019/07/18/FILE_201907180500525480.png,192마력
 2005 한국지엠 뉴 마티즈,20.9km/ℓ,가솔린,경형,해치백,FF,885,http://file.carisyou.com/newcar/color/2576_gmkorea_allnewmatiz2005_100.jpg,52마력
 2006 기아 카렌스2,7.0~11.2km/ℓ,"가솔린,엘피지",준중형,RV,FF,1738,http://file.carisyou.com/newcar/color/2678_kia_carensii2006_0.jpg,123마력
 2005 포르쉐 카이엔(1세대),5.6~7.4km/ℓ,가솔린,중형,SUV,4WD,18700,http://file.carisyou.com/newcar/color/3249_porsche_cayenne2006_0.jpg,250마력
 2005 포르쉐 박스터(2세대),7.8~8.6km/ℓ,가솔린,준중형,컨버터블,MR,9850,http://file.carisyou.com/newcar/color/3246_porsche_boxster2006_0.jpg,240마력
 2005 포르쉐 911(6세대),6.7~9.2km/ℓ,가솔린,준중형,"컨버터블,쿠페외형전체>",RR,18700,http://file.carisyou.com/newcar/color/2674_porsche_911carrera2005_100.jpg,320마력
 2005 벤츠 CL클래스(2세대),6.3km/ℓ,가솔린,대형,쿠페,FR,26690,http://file.carisyou.com/newcar/color/2673_benz_clclass2005_0.jpg,500마력
 2006 푸조 307,10.0km/ℓ,가솔린,준중형,"왜건,해치백외형전체>",FF,4980,http://file.carisyou.com/upload/2019/07/23/FILE_201907230504291420.png,138마력
 2005 기아 뉴 프라이드,13.0~20.5km/ℓ,"가솔린,디젤",소형,"세단,해치백외형전체>",FF,1341,http://file.carisyou.com/upload/2019/07/24/FILE_201907240202197120.png,95마력
 2005 볼보 XC70(1세대),7.6km/ℓ,가솔린,중형,왜건,4WD,7123,http://file.carisyou.com/newcar/color/2669_volvo_xc702005_0.jpg,210마력
 2005 볼보 XC90(1세대),6.2~7.4km/ℓ,가솔린,준대형,SUV,4WD,8183,http://file.carisyou.com/newcar/color/2668_volvo_xc902005_0.jpg,208마력
 2005 볼보 C70(1세대),10.3km/ℓ,가솔린,준중형,컨버터블,FF,7360,http://file.carisyou.com/newcar/color/3016_volvo_c702006_0.jpg,240마력
 2005 볼보 S80(1세대),8.5~10.2km/ℓ,가솔린,중형,세단,FF,8515,http://file.carisyou.com/newcar/color/2666_volvo_s802005_0.jpg,180마력
 2005 볼보 S60(1세대),7.8~12.2km/ℓ,"가솔린,디젤",준중형,세단,FF,8034,http://file.carisyou.com/newcar/color/2665_volvo_s602005_0.jpg,185마력
 2005 볼보 S40(2세대),8.9~9.3km/ℓ,가솔린,준중형,세단,FF,5202,http://file.carisyou.com/newcar/color/2664_volvo_s402005_0.jpg,170마력
 2006 푸조 407,10.0~14.3km/ℓ,"가솔린,디젤",중형,세단,FF,4900,http://file.carisyou.com/newcar/color/3075_peugeot_4072007_100.jpg,138마력
 2006 푸조 607,9.4~11.0km/ℓ,"가솔린,디젤",준대형,세단,FF,7100,http://file.carisyou.com/newcar/color/2660_peugeot_6072005_0.gif,160마력
 2005 푸조 307,8.6~14.4km/ℓ,"가솔린,디젤",준중형,"왜건,컨버터블,해치백외형전체>",FF,4980,http://file.carisyou.com/upload/2019/07/23/FILE_201907230513067910.png,140마력
 2006 푸조 206,11.8km/ℓ,가솔린,소형,"컨버터블,해치백외형전체>",FF,3410,http://file.carisyou.com/newcar/color/2658_peugeot_206cc2006_0.jpg,110마력
 2005 혼다 어코드(7세대),9.4~10.8km/ℓ,가솔린,중형,세단,FF,3940,http://file.carisyou.com/newcar/color/honda_accord2004_0.jpg,160마력
 2005 폭스바겐 투아렉(1세대),6.7~9.3km/ℓ,"가솔린,디젤",중형,SUV,4WD,10590,http://file.carisyou.com/newcar/color/2733_volkswagen_touareg2006_0.jpg,220마력
 2005 폭스바겐 파사트(5세대),9.1~10.6km/ℓ,가솔린,중형,세단,FF,5300,http://file.carisyou.com/upload/2018/09/17/FILE_201809170240431670.png,150마력
 2005 폭스바겐 비틀 카브리올레(2세대),10.7km/ℓ,가솔린,소형,컨버터블,FF,3830,http://file.carisyou.com/newcar/color/volkswagen_newbeetlecabriolet2005_0.jpg,115마력
 2005 폭스바겐 골프(5세대),11.9km/ℓ,가솔린,준중형,해치백,FF,3730,http://file.carisyou.com/newcar/color/2653_volkswagen_golf2005_0.jpg,150마력
 2005 폭스바겐 보라(1세대),11.0km/ℓ,가솔린,소형,세단,FF,3340,http://file.carisyou.com/upload/2018/09/17/FILE_201809170249135430.png,115마력
 2005 폭스바겐 비틀(2세대),10.5km/ℓ,가솔린,소형,해치백,FF,3210,http://file.carisyou.com/newcar/color/volkswagen_newbeetle2005_0.jpg,115마력
 2006 포드 익스플로러,7.0km/ℓ,가솔린,대형,SUV,4WD,5140,http://file.carisyou.com/newcar/color/2650_ford_explorer2006_0.jpg,213마력
 2006 포드 이스케이프(1세대),7.8~8.8km/ℓ,가솔린,준중형,SUV,4WD,4590,http://file.carisyou.com/upload/2017/07/21/FILE_201707211134321440.png,230마력
 2005 포드 토러스,9.4km/ℓ,가솔린,대형,세단,FF,3900,,204마력
 2006 포드 머스탱(5세대),8.7km/ℓ,가솔린,중형,"컨버터블,쿠페외형전체>",FR,4400,http://file.carisyou.com/newcar/color/2647_ford_mustang2006_0.jpg,196마력
 2005 포드 몬데오(3세대),9.5km/ℓ,가솔린,중형,세단,FF,3160,http://file.carisyou.com/newcar/color/2724_ford_newmondeo2006_100.jpg,145마력
 2005 크라이슬러 그랜드 보이저(4세대),7.1~9.5km/ℓ,"가솔린,디젤",대형,RV,FF,5110,http://file.carisyou.com/upload/2018/09/17/FILE_201809170146169020.png,150마력
 2005 크라이슬러 PT 크루저,8.2~8.6km/ℓ,가솔린,준중형,"컨버터블,해치백외형전체>",FF,3450,http://file.carisyou.com/upload/2018/09/17/FILE_201809170136263230.png,152마력
 2005 크라이슬러 크로스파이어,10.0km/ℓ,가솔린,소형,"컨버터블,쿠페외형전체>",FR,6420,http://file.carisyou.com/newcar/color/2895_chrysler_crossfireroadster2007_0.jpg,218마력
 2005 크라이슬러 300C(1세대),6.7~7.9km/ℓ,가솔린,대형,세단,FR,6580,http://file.carisyou.com/newcar/color/2772_chrysler_300c2006_0.jpg,250마력
 2004 캐딜락 에스컬레이드(2세대),5.6km/ℓ,가솔린,대형,SUV,4WD,11850,http://file.carisyou.com/newcar/color/2809_cadillac_escalade2006_100.jpg,345마력
 2005 캐딜락 SRX(1세대),6.5km/ℓ,가솔린,중형,SUV,4WD,8420,http://file.carisyou.com/newcar/color/2808_cadillac_srx2006_0.jpg,315마력
 2005 캐딜락 드빌(8세대),7.3km/ℓ,가솔린,대형,세단,FF,9370,http://file.carisyou.com/newcar/color/2638_cadillac_deville2005_0.jpg,279마력
 2005 캐딜락 스빌(5세대),7.3km/ℓ,가솔린,대형,세단,FF,7570,http://file.carisyou.com/newcar/color/2436_cadillac_seville2003_0.jpg,304마력
 2005 캐딜락 CTS(1세대),8.4km/ℓ,가솔린,중형,세단,FR,6590,http://file.carisyou.com/newcar/color/2805_cadillac_cts2006_0.jpg,255마력
 2005 아우디 TT(1세대),8.8km/ℓ,가솔린,소형,"컨버터블,쿠페외형전체>",FF,5720,http://file.carisyou.com/newcar/color/audi_tt2006_0.jpg,180마력
 2005 아우디 올로드콰트로(5세대),7.6~7.9km/ℓ,"가솔린,디젤",중형,왜건,4WD,8870,http://file.carisyou.com/newcar/color/2634_audi_allroadquattro2005_0.gif,180마력
 2005 아우디 A8(2세대),6.7~10.1km/ℓ,가솔린,대형,세단,FF,23500,http://file.carisyou.com/newcar/color/2753_audi_a82006_0.gif,220마력
 2005 아우디 A6(6세대),8.1~10.9km/ℓ,"가솔린,디젤",중형,세단,4WD,11400,http://file.carisyou.com/newcar/color/2752_audi_a62006_0.jpg,225마력
 2005 아우디 A4(2세대),8.6km/ℓ,가솔린,준중형,컨버터블,FF,6960,http://file.carisyou.com/newcar/color/2750_audi_a42006_0.jpg,170마력
 2005 벤츠 M클래스(1세대),5.9~8.0km/ℓ,"가솔린,디젤",중형,SUV,4WD,10810,http://file.carisyou.com/newcar/color/2630_benz_mclass2005_0.jpg,163마력
 2005 벤츠 CLK클래스(2세대),8.2km/ℓ,가솔린,준중형,"컨버터블,쿠페외형전체>",FR,9510,http://file.carisyou.com/newcar/color/2629_benz_clkclass2005_100.jpg,218마력
 2005 벤츠 C클래스(2세대),8.6~9.6km/ℓ,가솔린,준중형,세단,FR,7830,http://file.carisyou.com/newcar/color/2627_benz_cclass2005_0.jpg,143마력
 2005 벤츠 E클래스(3세대),6.5~10.2km/ℓ,가솔린,중형,세단,FR,16590,http://file.carisyou.com/newcar/color/2626_benz_eclass2005_0.jpg,163마력
 2005 벤츠 S클래스(4세대),7.0~8.1km/ℓ,가솔린,대형,세단,FR,25070,http://file.carisyou.com/newcar/color/2625_benz_sclass2005_0.jpg,204마력
 2005 벤츠 SL클래스(5세대),5.4~7.4km/ℓ,가솔린,중형,컨버터블,FR,26120,http://file.carisyou.com/newcar/color/2505_benz_slclass2003_0.jpg,306마력
 2005 BMW X3(1세대),6.6~7.0km/ℓ,가솔린,준중형,SUV,4WD,7250,http://file.carisyou.com/newcar/color/2796_bmw_x32006_0.gif,184마력
 2005 BMW X5(1세대),7.4~8.0km/ℓ,가솔린,중형,SUV,4WD,11550,http://file.carisyou.com/newcar/color/2497_bmw_x52003_100.jpg,231마력
 2005 BMW Z4(1세대),8.5~8.8km/ℓ,가솔린,소형,컨버터블,FR,7740,http://file.carisyou.com/newcar/color/2621_bmw_z42005_100.jpg,192마력
 2005 BMW M3(3세대),7.0~7.5km/ℓ,가솔린,준중형,쿠페,FR,16000,http://file.carisyou.com/newcar/color/2620_bmw_m32005_0.jpg,343마력
 2005 BMW 7시리즈(4세대),6.7~7.7km/ℓ,가솔린,대형,세단,FR,25300,http://file.carisyou.com/newcar/color/2794_bmw_7series2006_100.jpg,231마력
 2005 BMW 6시리즈(2세대),8.5km/ℓ,가솔린,준대형,컨버터블,FR,16500,http://file.carisyou.com/newcar/color/2958_bmw_6series2007_0.jpg,333마력
 2005 BMW 5시리즈(5세대),8.5~9.9km/ℓ,가솔린,중형,세단,FR,12600,http://file.carisyou.com/newcar/color/2617_bmw_5series2005_0.jpg,170마력
 2005 BMW 3시리즈(4세대),8.1km/ℓ,가솔린,준중형,컨버터블,FR,7760,http://file.carisyou.com/newcar/color/2779_bmw_3series2006_0.jpg,192마력
 2005 한국지엠 매그너스,7.7~12.6km/ℓ,"가솔린,엘피지",중형,세단,FF,2283,http://file.carisyou.com/newcar/color/2615_gmdaewoo_magnus2005_0.jpg,115마력
 2005 한국지엠 레조,7.5~12.6km/ℓ,"가솔린,엘피지",준중형,RV,FF,1676,http://file.carisyou.com/newcar/color/2614_gmdaewoo_rezzo2005_0.jpg,128마력
 2005 한국지엠 다마스2,10.6~11.0km/ℓ,엘피지,경형,버스,FR,639,http://file.carisyou.com/newcar/color/2613_gmdaewoo_damasll2005_0.jpg,38마력
 2005 한국지엠 뉴 칼로스5,13.3~16.5km/ℓ,가솔린,소형,해치백,FF,1042,http://file.carisyou.com/upload/2018/09/17/FILE_201809170911440830.png,71마력
 2005 한국지엠 뉴 칼로스,13.3~15.2km/ℓ,가솔린,소형,세단,FF,1053,http://file.carisyou.com/newcar/color/2820_gmdaewoo_kalos2007_0.jpg,86마력
 2005 한국지엠 뉴 라세티,11.7~14.5km/ℓ,가솔린,준중형,"세단,해치백외형전체>",FF,1384,http://file.carisyou.com/newcar/color/2609_gmdaewoo_newlacetti2005_0.jpg,106마력
 2005 KGM 무쏘 스포츠,9.2~10.8km/ℓ,디젤,중형,픽업트럭,FR,2217,http://file.carisyou.com/upload/2019/07/19/FILE_201907190535214160.png,120마력
 2005 KGM 뉴 무쏘,9.1~10.8km/ℓ,디젤,중형,SUV,FR,2506,http://file.carisyou.com/upload/2019/07/19/FILE_201907190527193550.png,120마력
 2005 KGM 뉴 체어맨,7.7~8.8km/ℓ,가솔린,대형,"리무진,세단외형전체>",FR,6773,http://file.carisyou.com/upload/2019/07/23/FILE_201907230302268590.png,150마력
 2005 KGM 뉴 렉스턴,5.7~11.8km/ℓ,"가솔린,디젤",중형,SUV,FR,4391,http://file.carisyou.com/newcar/color/2605_ssangyong_newrexton2005_0.jpg,120마력
 2005 르노코리아 SM3 뉴제너레이션,12.3~14.5km/ℓ,가솔린,준중형,세단,FF,1288,http://file.carisyou.com/newcar/color/2604_renaultsamsung_sm32005_0.jpg,100마력
 2006 기아 오피러스,7.6~9.2km/ℓ,"가솔린,엘피지",준대형,세단,FF,5010,http://file.carisyou.com/newcar/color/kia_opirus2006_0.jpg,176마력
 2005 기아 엑스트랙,11.9~14.7km/ℓ,디젤,준중형,RV,FF,1800,http://file.carisyou.com/newcar/color/2602_kia_x-trek2005_0.jpg,115마력
 2006 기아 뉴 쏘렌토,10.1~11.6km/ℓ,디젤,중형,SUV,FR,3199,http://file.carisyou.com/newcar/color/2601_kia_newsorento2006_0.jpg,145마력
 2005 기아 뉴 스포티지,9.2~14.6km/ℓ,"가솔린,디젤",준중형,SUV,FF,2480,http://file.carisyou.com/newcar/color/2600_kia_sportage2005_100.jpg,115마력
 2005 기아 봉고3 승합,9.7~10.6km/ℓ,디젤,소형,버스,FR,1650,http://file.carisyou.com/newcar/color/2599_kia_bongoiiibus2005_100.jpg,123마력
 2005 기아 모닝,15.5~18.3km/ℓ,가솔린,경형,해치백,FF,933,http://file.carisyou.com/newcar/color/2598_kia_morning2005_100.jpg,61마력
 2005 기아 리오 SF,12.3~15.4km/ℓ,가솔린,소형,"세단,해치백외형전체>",FF,1044,http://file.carisyou.com/newcar/color/2597_kia_riosf2005_0.jpg,84마력
 2005 기아 옵티마 리갈,10.1km/ℓ,가솔린,중형,세단,FF,1520,,138마력
 2005 기아 뉴 옵티마,9.6~11.8km/ℓ,가솔린,중형,세단,FF,1533,http://file.carisyou.com/newcar/color/2595_kia_newoptima2005_0.jpg,131마력
 2006 현대 트라제 XG,9.1~11.2km/ℓ,"가솔린,디젤",중형,RV,FF,2415,http://file.carisyou.com/newcar/color/2594_hyundai_newtrajetxg2006_0.jpg,141마력
 2005 현대 에쿠스,6.7~7.6km/ℓ,가솔린,대형,"리무진,세단외형전체>",FF,8660,http://file.carisyou.com/newcar/color/2593_hyundai_equus2005_0.jpg,210마력
 2005 현대 투싼,9.8~14.5km/ℓ,"가솔린,디젤",준중형,SUV,FF,2373,http://file.carisyou.com/upload/2019/07/19/FILE_201907190247177550.png,115마력
 2005 현대 클릭,14.0~18.0km/ℓ,"가솔린,가솔린/하이브리드",소형,해치백,FF,1112,http://file.carisyou.com/newcar/color/2591_hyundai_click2005_0.jpg,0마력
 2005 현대 싼타페,11.3~14.4km/ℓ,디젤,중형,SUV,FF,2591,http://file.carisyou.com/newcar/color/2590_hyundai_santafe2005_0.jpg,126마력
 2005 현대 뉴 스타렉스,8.8~11.4km/ℓ,디젤,소형,버스,FR,4880,http://file.carisyou.com/newcar/color/2588_hyundai_starex2005_0.jpg,103마력
 2004 현대 리베로,10.0km/ℓ,디젤,소형,트럭,FR,1539,http://file.carisyou.com/newcar/color/2837_hyundai_libero2006_0.jpg,145마력
 2005 현대 라비타,10.1~13.6km/ℓ,가솔린,소형,RV,FF,1451,http://file.carisyou.com/newcar/color/2586_hyundai_lavita2005_0.jpg,103마력
 2005 현대 뉴 베르나,11.9~16.2km/ℓ,가솔린,소형,"세단,해치백외형전체>",FF,1123,http://file.carisyou.com/newcar/color/2584_hyundai_newverna2005_0.jpg,85마력
 2005 현대 다이너스티,7.4~8.1km/ℓ,가솔린,대형,세단,FF,3337,http://file.carisyou.com/newcar/color/2583_hyundai_newdynasty2005_0.jpg,162마력
 2005 현대 뉴 그랜저 XG,8.5~9.9km/ℓ,가솔린,준대형,세단,FF,3174,http://file.carisyou.com/newcar/color/2582_hyundai_newgrandeurxg2005_0.jpg,137마력
 2005 KGM 로디우스,10.2~11.1km/ℓ,디젤,대형,RV,FR,3188,http://file.carisyou.com/newcar/color/2581_ssangyong_rodius2005_0.jpg,165마력
 2005 현대 테라칸 파워플러스,9.8~10.8km/ℓ,디젤,중형,SUV,FR,3009,http://file.carisyou.com/newcar/color/2579_hyundai_terracan2005_0.jpg,170마력
 2005 기아 쎄라토,10.9~14.6km/ℓ,가솔린,준중형,"세단,해치백외형전체>",FF,1533,http://file.carisyou.com/newcar/color/2578_kia_cerato2005_0.jpg,107마력
 2006 르노코리아 뉴 SM5(EX1),10.8~12.3km/ℓ,가솔린,중형,세단,FF,2310,http://file.carisyou.com/upload/2019/07/24/FILE_201907241102284030.png,140마력
 2005 한국지엠 뉴 마티즈,20.9km/ℓ,가솔린,경형,해치백,FF,751,http://file.carisyou.com/newcar/color/2576_gmkorea_allnewmatiz2005_100.jpg,52마력
 2003 랜드로버 디스커버리2,5.8km/ℓ,"가솔린,디젤",준중형,SUV,4WD,6990,http://file.carisyou.com/newcar/color/3117_landrover_discovery22004_0.jpg,138마력
 2005 랜드로버 레인지로버(3세대),5.5~6.0km/ℓ,가솔린,대형,SUV,4WD,12990,http://file.carisyou.com/newcar/color/2574_landrover_rangerover2005_0.jpg,300마력
 2005 르노코리아 뉴 SM5(EX1),8.9~10.8km/ℓ,"가솔린,엘피지",중형,세단,FF,2110,http://file.carisyou.com/upload/2019/07/24/FILE_201907241102284030.png,140마력
 2005 KGM 뉴 코란도,9.0~11.8km/ℓ,디젤,준중형,SUV,FR,2249,http://file.carisyou.com/newcar/color/2569_ssangyong_korando2005_0.jpg,120마력
 2004 현대 라비타,12.3km/ℓ,가솔린,소형,RV,FF,1303,http://file.carisyou.com/newcar/color/2567_hyundai_lavita2004_0.jpg,100마력
 2005 현대 투스카니,8.7~11.6km/ℓ,가솔린,준중형,쿠페,FF,2371,http://file.carisyou.com/newcar/color/2566_hyundai_tuscani2005_0.jpg,143마력
 2005 현대 뉴 아반떼 XD,10.7~18.9km/ℓ,"가솔린,디젤",준중형,"세단,해치백외형전체>",FF,1816,http://file.carisyou.com/newcar/color/2565_hyundai_newavantexd2005_0.jpg,107마력
 2005 혼다 CR-V(2세대),10.2~10.6km/ℓ,가솔린,준중형,SUV,FF,3390,http://file.carisyou.com/newcar/color/2749_honda_cr-v2006_0.jpg,160마력
 2006 르노코리아 SM7,9.0~9.8km/ℓ,가솔린,준대형,세단,FF,3920,http://file.carisyou.com/newcar/color/2563_renaultsamsung_sm72006_0.jpg,170마력
 2005 현대 NF 쏘나타,9.2~12.1km/ℓ,가솔린,중형,세단,FF,3200,http://file.carisyou.com/upload/2019/07/18/FILE_201907180521533510.png,144마력
 2004 기아 뉴 스포티지,12.0~14.6km/ℓ,"가솔린,디젤",준중형,SUV,FF,2365,http://file.carisyou.com/upload/2017/11/03/FILE_201711030927018520.jpg,115마력
 2004 현대 트라제 XG,9.1~11.2km/ℓ,"가솔린,디젤",중형,RV,FF,2374,http://file.carisyou.com/newcar/color/2557_hyundai_newtrajetxg2004_0.jpg,141마력
 2005 기아 카니발2,8.2~12.4km/ℓ,"가솔린,디젤",대형,RV,FF,2448,http://file.carisyou.com/newcar/color/2556_kia_carnivalii2005_0.jpg,145마력
 2004 KGM 로디우스,10.2~11.1km/ℓ,디젤,대형,RV,FR,2990,http://file.carisyou.com/newcar/color/2555_ssangyong_rodius2004_0.jpg,165마력
 2004 혼다 어코드(7세대),9.4~10.8km/ℓ,가솔린,중형,세단,FF,3890,http://file.carisyou.com/newcar/color/honda_accord2004_0.jpg,160마력
 2003 포드 머스탱(4세대),8.7km/ℓ,가솔린,중형,"컨버터블,쿠페외형전체>",FR,4380,http://file.carisyou.com/newcar/color/ford_mustang2003_0.jpg,196마력
 2004 캐딜락 SRX(1세대),6.5km/ℓ,가솔린,중형,SUV,4WD,8680,http://file.carisyou.com/newcar/color/cadillac_srx2004_0.jpg,315마력
 2004 한국지엠 뉴 라세티,12.7~14.5km/ℓ,가솔린,준중형,"세단,해치백외형전체>",FF,1374,http://file.carisyou.com/newcar/color/2547_gmdaewoo_newlacetti2004_0.jpg,106마력
 2004 현대 뉴 스타렉스,8.1~11.1km/ℓ,디젤,소형,버스,FR,2326,http://file.carisyou.com/upload/2017/08/29/FILE_201708290241213450.jpg,103마력
 2004 현대 싼타페,10.0~14.4km/ℓ,디젤,중형,SUV,FF,2539,http://file.carisyou.com/newcar/color/2543_hyundai_santafe2004_0.jpg,115마력
 2004 KGM 무쏘 스포츠,9.2~10.8km/ℓ,디젤,중형,픽업트럭,FR,2252,http://file.carisyou.com/upload/2019/07/19/FILE_201907190535214160.png,120마력
 2004 현대 투싼,11.9~14.5km/ℓ,디젤,준중형,SUV,FF,2353,http://file.carisyou.com/upload/2019/07/19/FILE_201907190247177550.png,115마력
 2004 기아 봉고3 승합,9.7~10.6km/ℓ,디젤,소형,버스,FR,1630,http://file.carisyou.com/newcar/color/2540_kia_bongoiiibus2004_100.jpg,123마력
 2004 KGM 뉴 무쏘,9.1~11.1km/ℓ,디젤,중형,SUV,FR,2604,http://file.carisyou.com/upload/2019/07/19/FILE_201907190527193550.png,120마력
 2004 기아 모닝,18.3km/ℓ,가솔린,경형,해치백,FF,830,http://file.carisyou.com/newcar/color/2538_kia_morning2004_100.jpg,61마력
 2004 KGM 뉴 렉스턴,9.0~10.5km/ℓ,디젤,중형,SUV,FR,3572,http://file.carisyou.com/newcar/color/2534_ssangyong_newrexton2004_0.jpg,120마력
 1985 현대 포니2,10.8~14.8km/ℓ,엘피지,소형,"왜건,픽업트럭,해치백외형전체>",FR,227,http://file.carisyou.com/newcar/color/2519_hyundai_pony21985_0.jpg,92마력
 2004 폭스바겐 투아렉(1세대),6.7~7.3km/ℓ,가솔린,중형,SUV,4WD,10100,http://file.carisyou.com/newcar/color/2733_volkswagen_touareg2006_0.jpg,220마력
 2004 현대 에쿠스,6.7~7.5km/ℓ,가솔린,대형,"리무진,세단외형전체>",FF,8490,http://file.carisyou.com/newcar/color/2516_hyundai_equus2004_0.jpg,203마력
 2004 기아 쎄라토,10.9~14.6km/ℓ,가솔린,준중형,세단,FF,1524,http://file.carisyou.com/newcar/color/2515_kia_cerato2004_100.jpg,107마력
 2004 한국지엠 뉴 칼로스5,13.3~16.5km/ℓ,가솔린,소형,해치백,FF,1033,http://file.carisyou.com/upload/2018/09/17/FILE_201809170911440830.png,71마력
 2004 한국지엠 뉴 칼로스,13.3~15.2km/ℓ,가솔린,소형,세단,FF,1044,http://file.carisyou.com/newcar/color/2820_gmdaewoo_kalos2007_0.jpg,86마력
 2004 르노코리아 SM3,12.3~14.5km/ℓ,가솔린,준중형,세단,FF,1288,http://file.carisyou.com/newcar/color/2512_renaultsamsung_sm32004_0.jpg,100마력
 2005 랜드로버 프리랜더,7.7~11.9km/ℓ,"가솔린,디젤",준중형,SUV,4WD,5360,http://file.carisyou.com/newcar/color/2511_landrover_newfreelander2005_0.jpg,111마력
 2005 랜드로버 디스커버리2,5.8~8.7km/ℓ,"가솔린,디젤",준중형,SUV,4WD,6710,http://file.carisyou.com/newcar/color/3117_landrover_discovery22004_0.jpg,138마력
 2003 푸조 607,9.4km/ℓ,가솔린,준대형,세단,FF,6750,http://file.carisyou.com/upload/2018/09/17/FILE_201809170245443580.png,160마력
 2003 푸조 307,-,가솔린,준중형,"왜건,해치백외형전체>",FF,3900,http://file.carisyou.com/newcar/color/2508_peugeot_3072003_100.jpg,138마력
 2003 푸조 206,10.6km/ℓ,가솔린,소형,컨버터블,FF,3250,http://file.carisyou.com/upload/2018/09/17/FILE_201809170249543810.png,110마력
 2003 벤츠 CL클래스(2세대),6.3km/ℓ,가솔린,대형,쿠페,FR,26690,http://file.carisyou.com/newcar/color/2506_benz_clclass2003_0.jpg,367마력
 2003 벤츠 SL클래스(5세대),5.8~7.4km/ℓ,가솔린,중형,컨버터블,FR,19640,http://file.carisyou.com/newcar/color/2505_benz_slclass2003_0.jpg,517마력
 2003 벤츠 CLK클래스(2세대),7.4~8.0km/ℓ,가솔린,준중형,"컨버터블,쿠페외형전체>",FR,9030,http://file.carisyou.com/newcar/color/2504_benz_clkclass2003_0.jpg,170마력
 2003 벤츠 SLK클래스(1세대),10.1km/ℓ,가솔린,소형,컨버터블,FR,7130,http://file.carisyou.com/upload/2018/09/17/FILE_201809170945063590.png,163마력
 2003 벤츠 M클래스(1세대),6.1~11.2km/ℓ,"가솔린,디젤",중형,SUV,4WD,10440,http://file.carisyou.com/newcar/color/2630_benz_mclass2005_0.jpg,218마력
 2003 벤츠 C클래스(2세대),8.6~10.3km/ℓ,가솔린,준중형,"세단,쿠페외형전체>",FR,7480,http://file.carisyou.com/newcar/color/2501_benz_cclass2003_0.gif,143마력
 2003 벤츠 E클래스(3세대),7.4~10.2km/ℓ,가솔린,중형,세단,FR,12750,http://file.carisyou.com/upload/2018/09/17/FILE_201809170956183060.png,163마력
 2003 벤츠 S클래스(4세대),6.5~9.0km/ℓ,가솔린,대형,세단,FR,24570,http://file.carisyou.com/upload/2018/09/17/FILE_201809170951259510.png,204마력
 2003 BMW Z4(1세대),-,가솔린,소형,컨버터블,FR,7450,http://file.carisyou.com/newcar/color/2498_bmw_z42003_100.jpg,192마력
 2003 BMW X5(1세대),7.2~7.4km/ℓ,가솔린,중형,SUV,4WD,11020,http://file.carisyou.com/newcar/color/2497_bmw_x52003_100.jpg,231마력
 2003 BMW M3(3세대),7.5km/ℓ,가솔린,준중형,쿠페,FR,12800,http://file.carisyou.com/newcar/color/2496_bmw_m32003_0.jpg,343마력
 2003 BMW 7시리즈(4세대),6.7~7.7km/ℓ,가솔린,대형,세단,FR,23750,http://file.carisyou.com/newcar/color/245_bmw_7series2002_100.jpg,231마력
 2003 BMW 5시리즈(4세대),8.0~9.2km/ℓ,가솔린,중형,세단,FR,8850,http://file.carisyou.com/newcar/color/236_bmw_5series2001_100.jpg,170마력
 2003 BMW 3시리즈(4세대),8.1~13.1km/ℓ,가솔린,준중형,"세단,컨버터블외형전체>",FR,8590,http://file.carisyou.com/newcar/color/224_bmw_3series2002_0.jpg,143마력
 2003 볼보 XC90(1세대),8.0~8.3km/ℓ,가솔린,준대형,SUV,4WD,8140,http://file.carisyou.com/upload/2018/09/17/FILE_201809171044525320.png,210마력
 2004 볼보 S80(1세대),8.5~10.2km/ℓ,가솔린,중형,세단,FF,8490,http://file.carisyou.com/newcar/color/2491_volvo_s802004_0.jpg,180마력
 2004 기아 옵티마 리갈,8.8~11.2km/ℓ,"가솔린,엘피지",중형,세단,FF,2326,http://file.carisyou.com/newcar/color/3278_kia_optimalegal2005_0.jpg,137마력
 2003 볼보 C70(1세대),8.7km/ℓ,가솔린,준중형,컨버터블,FF,7390,http://file.carisyou.com/upload/2018/09/17/FILE_201809171034575340.png,240마력
 2003 볼보 V70(2세대),8.2~9.6km/ℓ,가솔린,중형,왜건,FF,6380,http://file.carisyou.com/upload/2018/09/17/FILE_201809171002386160.png,170마력
 2003 볼보 V40(1세대),10.6km/ℓ,가솔린,준중형,왜건,FF,3960,http://file.carisyou.com/upload/2018/09/17/FILE_201809171038560810.png,200마력
 2003 볼보 S40(1세대),10.6km/ℓ,가솔린,준중형,세단,FF,3960,http://file.carisyou.com/upload/2018/09/17/FILE_201809171053055320.png,200마력
 2003 볼보 S60(1세대),9.6~9.9km/ℓ,가솔린,준중형,세단,FF,6332,http://file.carisyou.com/upload/2018/09/17/FILE_201809171049554120.png,180마력
 2004 현대 다이너스티,7.4~8.1km/ℓ,가솔린,대형,세단,FF,3337,http://file.carisyou.com/newcar/color/2484_hyundai_newdynasty2004_0.jpg,162마력
 2004 KGM 뉴 체어맨,7.7~8.8km/ℓ,가솔린,대형,"리무진,세단외형전체>",FR,6204,http://file.carisyou.com/upload/2019/07/23/FILE_201907230302268590.png,150마력
 2004 현대 투스카니,8.7~10.8km/ℓ,가솔린,준중형,쿠페,FF,2275,http://file.carisyou.com/newcar/color/2482_hyundai_tuscani2004_0.jpg,143마력
 2004 한국지엠 레조,7.5~12.6km/ℓ,"가솔린,엘피지",준중형,RV,FF,1625,http://file.carisyou.com/newcar/color/2481_gmdaewoo_rezzo2004_0.jpg,128마력
 2004 한국지엠 매그너스,9.0~12.6km/ℓ,"가솔린,엘피지",중형,세단,FF,2265,http://file.carisyou.com/newcar/color/2480_gmdaewoo_magnus2004_0.jpg,115마력
 2004 현대 뉴 EF 쏘나타,8.5~11.8km/ℓ,가솔린,중형,세단,FF,2589,http://file.carisyou.com/newcar/color/2479_hyundai_newefsonata2004_0.jpg,131마력
 2004 르노코리아 SM5,9.2~12.2km/ℓ,가솔린,중형,세단,FF,2559,http://file.carisyou.com/newcar/color/2478_renaultsamsung_sm52004_0.jpg,132마력
 2004 기아 비스토,13.1~16.0km/ℓ,가솔린,경형,해치백,FF,796,http://file.carisyou.com/newcar/color/2477_kia_visto2004_0.jpg,54마력
 2004 현대 클릭,11.9~15.5km/ℓ,가솔린,소형,해치백,FF,1110,http://file.carisyou.com/newcar/color/2476_hyundai_click2004_0.jpg,82마력
 2005 한국지엠 마티즈2,18.1~23.8km/ℓ,가솔린,경형,해치백,FF,906,http://file.carisyou.com/newcar/color/3095_gmdaewoo_matiz22006_0.jpg,52마력
 2004 한국지엠 다마스2,10.6~11.0km/ℓ,엘피지,경형,버스,FR,639,http://file.carisyou.com/newcar/color/2474_gmkorea_damasll2004_100.jpg,38마력
 2004 기아 리오 SF,12.3~15.4km/ℓ,가솔린,소형,"세단,해치백외형전체>",FF,1046,http://file.carisyou.com/newcar/color/2473_kia_riosf2004_0.jpg,84마력
 2004 현대 뉴 베르나,11.9~15.2km/ℓ,가솔린,소형,"세단,해치백외형전체>",FF,1134,http://file.carisyou.com/newcar/color/2472_hyundai_newverna2004_0.jpg,85마력
 2003 닷지 다코타(2세대),9.7km/ℓ,가솔린,대형,픽업트럭,4WD,4580,http://file.carisyou.com/upload/2018/09/17/FILE_201809170928583520.png,233마력
 2003 지프 그랜드 체로키(2세대),6.2~9.3km/ℓ,"가솔린,디젤",중형,SUV,4WD,6280,http://file.carisyou.com/upload/2018/09/17/FILE_201809170120350550.png,163마력
 2003 지프 체로키(3세대),6.4km/ℓ,가솔린,준중형,SUV,4WD,4590,http://file.carisyou.com/newcar/color/2469_jeep_cherokee2003_0.jpg,211마력
 2003 지프 랭글러(2세대),6.0km/ℓ,가솔린,준중형,SUV,4WD,3540,http://file.carisyou.com/newcar/color/2468_jeep_wrangler2003_0.jpg,190마력
 2003 크라이슬러 그랜드 보이저(4세대),8.4km/ℓ,"가솔린,디젤",대형,RV,FF,5390,http://file.carisyou.com/upload/2018/09/17/FILE_201809170146169020.png,172마력
 2003 크라이슬러 세브링(2세대),8.4km/ℓ,가솔린,중형,"세단,컨버터블외형전체>",FF,4340,http://file.carisyou.com/upload/2018/09/17/FILE_201809170208153350.png,203마력
 2003 크라이슬러 LHS(2세대),8.2km/ℓ,가솔린,대형,세단,FF,5880,http://file.carisyou.com/upload/2018/09/17/FILE_201809170140591970.png,252마력
 2003 크라이슬러 300M,8.6km/ℓ,가솔린,대형,세단,FF,5480,http://file.carisyou.com/upload/2018/09/17/FILE_201809170152079930.png,257마력
 2003 크라이슬러 PT 크루저,8.2km/ℓ,가솔린,준중형,해치백,FF,3540,http://file.carisyou.com/upload/2018/09/17/FILE_201809170136263230.png,152마력
 2003 포드 몬데오(2세대),9.0km/ℓ,가솔린,중형,세단,FF,2850,http://file.carisyou.com/newcar/color/2871_ford_mondeo2007_0.jpg,145마력
 2003 포드 윈드스타(2세대),7.1km/ℓ,가솔린,대형,RV,FF,4800,http://file.carisyou.com/newcar/color/2461_ford_windstar2003_0.jpg,200마력
 2003 포드 토러스(4세대),9.4km/ℓ,가솔린,대형,세단,FF,3890,http://file.carisyou.com/newcar/color/4853_ford_taurus2003_100.jpg,153마력
 2003 포드 이스케이프(1세대),7.9~9.1km/ℓ,가솔린,준중형,SUV,4WD,4150,http://file.carisyou.com/newcar/color/2459_ford_escape2003_0.jpg,127마력
 2003 포드 익스플로러(3세대),7.0km/ℓ,가솔린,대형,SUV,4WD,5910,http://file.carisyou.com/upload/2018/09/17/FILE_201809170156424760.png,213마력
 2006 링컨 타운카(3세대),7.2km/ℓ,가솔린,대형,세단,FR,7490,http://file.carisyou.com/newcar/color/4851_lincoln_towncar2003_100.jpg,242마력
 2006 링컨 LS,7.4km/ℓ,가솔린,중형,세단,FR,5370,http://file.carisyou.com/newcar/color/2456_lincoln_ls2006_0.jpg,284마력
 2003 아우디 TT(1세대),8.6~8.7km/ℓ,가솔린,소형,"컨버터블,쿠페외형전체>",FF,5720,http://file.carisyou.com/upload/2018/09/17/FILE_201809171057385440.png,180마력
 2003 아우디 올로드콰트로(5세대),7.6~7.9km/ℓ,"가솔린,디젤",중형,왜건,4WD,8870,http://file.carisyou.com/upload/2018/09/17/FILE_201809171108500140.png,180마력
 2003 아우디 A8(2세대),-,가솔린,대형,세단,4WD,12800,http://file.carisyou.com/upload/2018/09/17/FILE_201809170113002180.png,280마력
 2003 아우디 A6(5세대),7.6~8.9km/ℓ,가솔린,중형,세단,FF,7820,http://file.carisyou.com/upload/2018/09/17/FILE_201809171120227530.png,0마력
 2003 아우디 A4(2세대),8.6~11.6km/ℓ,가솔린,준중형,"세단,컨버터블외형전체>",FF,6960,http://file.carisyou.com/upload/2018/09/17/FILE_201809171103570830.png,130마력
 2005 재규어 XK(1세대),8.0km/ℓ,가솔린,중형,"컨버터블,쿠페외형전체>",FR,18100,http://file.carisyou.com/newcar/color/2449_jaguar_xk2005_0.jpg,284마력
 2005 재규어 X-타입,7.0~8.4km/ℓ,가솔린,준중형,세단,4WD,6760,http://file.carisyou.com/newcar/color/2814_jaguar_x-type2006_0.gif,194마력
 2005 재규어 S-타입,7.9~8.7km/ℓ,가솔린,중형,세단,FR,8350,http://file.carisyou.com/newcar/color/2762_jaguar_s-type2006_0.jpg,202마력
 2005 재규어 XJ(3세대),10.2km/ℓ,가솔린,대형,세단,FR,17400,http://file.carisyou.com/newcar/color/2446_jaguar_xj2005_0.jpg,258마력
 2004 현대 뉴 그랜저 XG,8.5~9.9km/ℓ,"가솔린,엘피지",준대형,세단,FF,3174,http://file.carisyou.com/newcar/color/2445_hyundai_newgrandeurxg2004_0.jpg,137마력
 2006 렉서스 SC(2세대),8.9km/ℓ,가솔린,중형,컨버터블,FR,11110,http://file.carisyou.com/newcar/color/2443_lexus_sc4302006_0.jpg,285마력
 2003 렉서스 IS(1세대),10.7km/ℓ,가솔린,준중형,세단,FR,4100,http://file.carisyou.com/newcar/color/2442_lexus_is2002003_0.jpg,155마력
 2005 렉서스 ES(4세대),10.2km/ℓ,가솔린,중형,세단,FF,5750,http://file.carisyou.com/newcar/color/2441_lexus_es3302006_0.jpg,228마력
 2006 렉서스 GS(3세대),8.9~10.6km/ℓ,가솔린,중형,세단,FR,8130,http://file.carisyou.com/newcar/color/2440_lexus_gs3002006_0.jpg,245마력
 2006 렉서스 LS(3세대),9.9km/ℓ,가솔린,대형,세단,FR,11470,http://file.carisyou.com/newcar/color/2439_lexus_ls4302006_0.jpg,293마력
 2003 폭스바겐 비틀 카브리올레(2세대),10.7km/ℓ,가솔린,소형,컨버터블,FF,3790,http://file.carisyou.com/upload/2018/09/17/FILE_201809170217334020.png,115마력
 2003 캐딜락 드빌(8세대),6.2km/ℓ,가솔린,대형,세단,FF,9620,http://file.carisyou.com/newcar/color/2638_cadillac_deville2005_0.jpg,279마력
 2003 캐딜락 스빌(5세대),6.2km/ℓ,가솔린,대형,세단,FF,7653,http://file.carisyou.com/newcar/color/2436_cadillac_seville2003_0.jpg,0마력
 2003 캐딜락 CTS(1세대),7.6km/ℓ,가솔린,중형,세단,FR,5935,http://file.carisyou.com/newcar/color/2435_cadillac_cts2003_0.jpg,220마력
 2003 사브 9-5(1세대),8.1~9.0km/ℓ,가솔린,준대형,세단,FF,7465,http://file.carisyou.com/newcar/color/2433_saab_9-52003_0.jpg,150마력
 2003 사브 9-3(2세대),8.3~9.0km/ℓ,가솔린,준중형,"세단,컨버터블외형전체>",FF,5926,http://file.carisyou.com/newcar/color/2432_saab_9-32003_0.jpg,255마력
 2004 기아 쏘렌토,6.1~10.9km/ℓ,"가솔린,디젤",중형,SUV,FR,3335,http://file.carisyou.com/newcar/color/3250_kia_sorento2005_0.jpg,145마력
 2003 현대 라비타,10.1~12.3km/ℓ,가솔린,소형,RV,FF,1382,http://file.carisyou.com/newcar/color/2430_hyundai_lavita2003_0.jpg,100마력
 2003 현대 뉴 아반떼 XD,10.7~14.5km/ℓ,가솔린,준중형,"세단,해치백외형전체>",FF,1830,http://file.carisyou.com/newcar/color/2429_hyundai_newavantexd2003_0.jpg,107마력
 2003 폭스바겐 파사트(5세대),9.1~10.6km/ℓ,가솔린,중형,세단,FF,5300,http://file.carisyou.com/upload/2018/09/17/FILE_201809170240431670.png,150마력
 2003 폭스바겐 보라(1세대),11.0km/ℓ,가솔린,소형,세단,FF,3210,http://file.carisyou.com/upload/2018/09/17/FILE_201809170225094730.png,115마력
 2003 폭스바겐 골프(4세대),11.4~12.8km/ℓ,가솔린,준중형,해치백,FF,3670,http://file.carisyou.com/upload/2018/09/17/FILE_201809170231234520.png,115마력
 2003 폭스바겐 비틀(2세대),10.5km/ℓ,가솔린,소형,해치백,FF,3280,http://file.carisyou.com/upload/2018/09/17/FILE_201809170235267170.png,115마력
 2003 현대 스타렉스,6.2~11.7km/ℓ,"디젤,엘피지",소형,버스,FR,4499,http://file.carisyou.com/newcar/color/2423_hyundai_starex2003_100.jpg,103마력
 2003 현대 갤로퍼2,8.8~10.4km/ℓ,디젤,"소형,중형",SUV,4WD,2514,http://file.carisyou.com/newcar/color/2422_hyundai_galloper2003_0.jpg,83마력
 2003 기아 레토나 크루저,9.6~19.6km/ℓ,디젤,소형,SUV,4WD,1793,http://file.carisyou.com/newcar/color/2421_kia_retonacruiser2003_0.jpg,83마력
 2003 한국지엠 다마스2,22.0km/ℓ,엘피지,경형,버스,FR,609,http://file.carisyou.com/newcar/color/2420_gmdaewoo_damas2003_0.jpg,36마력
 2003 르노코리아 SM3,13.8~15.7km/ℓ,가솔린,준중형,세단,FF,1202,http://file.carisyou.com/newcar/color/2145_renaultsamsung_sm32002_0.jpg,100마력
 2003 현대 싼타페,8.2~14.8km/ℓ,"가솔린,디젤",중형,SUV,FF,2836,http://file.carisyou.com/newcar/color/2418_hyundai_santafe2003_0.jpg,115마력
 2003 르노코리아 SM5,10.0~13.5km/ℓ,가솔린,중형,세단,FF,2503,http://file.carisyou.com/upload/2018/09/17/FILE_201809170939345720.png,132마력
 2003 기아 프레지오 네오,9.7~16.1km/ℓ,디젤,소형,버스,FR,1380,http://file.carisyou.com/newcar/color/2415_kia_pregioneo2003_0.jpg,85마력
 2003 KGM 뉴 무쏘,11.7km/ℓ,디젤,중형,SUV,FR,2657,http://file.carisyou.com/upload/2019/07/19/FILE_201907190527193550.png,101마력
 2003 KGM 무쏘 스포츠,9.2~10.7km/ℓ,디젤,중형,픽업트럭,FR,2127,http://file.carisyou.com/upload/2019/07/19/FILE_201907190535214160.png,120마력
 2003 한국지엠 칼로스5,14.2~18.2km/ℓ,가솔린,소형,해치백,FF,998,http://file.carisyou.com/newcar/color/2412_gmkorea_kalosv2003_100.jpg,71마력
 2003 한국지엠 매그너스,9.0~13.6km/ℓ,"가솔린,엘피지",중형,세단,FF,2294,http://file.carisyou.com/newcar/color/2411_gmdaewoo_magnus2003_0.jpg,115마력
 2003 기아 엑스트랙,12.0~14.7km/ℓ,디젤,준중형,RV,FF,1800,http://file.carisyou.com/newcar/color/2602_kia_x-trek2005_0.jpg,115마력
 2003 한국지엠 마티즈2,22.2~23.8km/ℓ,가솔린,경형,해치백,FF,816,http://file.carisyou.com/newcar/color/2409_gmkorea_matiz22003_100.jpg,52마력
 2004 기아 오피러스,7.3~8.4km/ℓ,"가솔린,엘피지",준대형,세단,FF,4608,http://file.carisyou.com/newcar/color/2408_kia_opirus2004_0.jpg,176마력
 2003 기아 비스토,12.7~21.5km/ℓ,"가솔린,엘피지",경형,해치백,FF,771,http://file.carisyou.com/newcar/color/2407_kia_visto2003_0.jpg,54마력
 2003 현대 뉴 그레이스,7.6~11.6km/ℓ,"디젤,엘피지",소형,버스,FR,1378,http://file.carisyou.com/upload/2018/09/17/FILE_201809170319015370.png,133마력
 2003 기아 쏘렌토,7.0~12.3km/ℓ,"가솔린,디젤",중형,SUV,FR,3500,http://file.carisyou.com/newcar/color/3250_kia_sorento2005_0.jpg,145마력
 2003 KGM 렉스턴,6.9~11.8km/ℓ,"가솔린,디젤",중형,SUV,FR,4114,http://file.carisyou.com/newcar/color/2225_ssangyong_rexton2003_100.jpg,120마력
 2001 KGM 렉스턴,10.9~11.8km/ℓ,"가솔린,디젤",중형,SUV,4WD,4014,http://file.carisyou.com/newcar/color/2224_ssangyong_rexton2001_100.jpg,120마력
 2002 KGM 뉴 무쏘,10.7~12.0km/ℓ,디젤,중형,SUV,2WD,2087,,120마력
 2002 KGM 뉴 무쏘,10.0~16.0km/ℓ,디젤,중형,"SUV,픽업트럭외형전체>",FR,2760,http://file.carisyou.com/upload/2019/07/19/FILE_201907190527193550.png,101마력
 2001 KGM 뉴 무쏘,10.0~16.0km/ℓ,디젤,중형,SUV,FR,2760,http://file.carisyou.com/upload/2019/07/19/FILE_201907190527193550.png,101마력
 1999 KGM 뉴 무쏘,6.9~11.7km/ℓ,"가솔린,디젤",중형,SUV,4WD,3115,,101마력
 2003 KGM 뉴 코란도,6.8~12.7km/ℓ,"가솔린,디젤",준중형,SUV,FR,2958,http://file.carisyou.com/newcar/color/2202_ssangyong_korando2003_0.jpg,95마력
 2001 KGM 뉴 코란도,6.8~12.7km/ℓ,"가솔린,디젤",준중형,SUV,FR,2897,http://file.carisyou.com/upload/2017/11/15/FILE_201711150732442070.png,95마력
 2000 KGM 뉴 코란도,6.8~12.7km/ℓ,"가솔린,디젤",준중형,SUV,FR,2980,,95마력
 1999 KGM 뉴 코란도,6.8~12.7km/ℓ,"가솔린,디젤",준중형,SUV,4WD,2885,,95마력
 2001 KGM 이스타나,17.0km/ℓ,디젤,소형,버스,FF,1436,,95마력
 1999 KGM 이스타나,17.0km/ℓ,디젤,소형,버스,FF,1436,,95마력
 2002 KGM 이스타나,9.7km/ℓ,디젤,소형,버스,FF,1553,http://file.carisyou.com/newcar/color/2185_ssangyong_istana2002_0.jpg,95마력
 1999 KGM 체어맨,8.6~9.6km/ℓ,가솔린,대형,"리무진,세단외형전체>",FR,5300,http://file.carisyou.com/newcar/color/2170_ssangyong_chairman1999_0.jpg,0마력
 2002 KGM 체어맨,8.6~9.6km/ℓ,가솔린,대형,"리무진,세단외형전체>",FR,5354,http://file.carisyou.com/newcar/color/2167_ssangyong_chairman2002_0.jpg,150마력
 2002 르노코리아 SM5,10.0~13.5km/ℓ,"가솔린,엘피지",중형,세단,FF,2599,http://file.carisyou.com/newcar/color/2149_renaultsamsung_sm52001_0.jpg,0마력
 2001 르노코리아 SM5,10.0~13.5km/ℓ,"가솔린,엘피지",중형,세단,FF,2490,http://file.carisyou.com/newcar/color/2149_renaultsamsung_sm52001_0.jpg,0마력
 2000 르노코리아 SM5,10.3~13.5km/ℓ,"가솔린,엘피지",중형,세단,FF,2420,,0마력
 1999 르노코리아 SM5,10.3~13.5km/ℓ,"가솔린,엘피지",중형,세단,FF,2420,,0마력
 2002 르노코리아 SM3,13.8~15.7km/ℓ,가솔린,준중형,세단,FF,1231,http://file.carisyou.com/newcar/color/2145_renaultsamsung_sm32002_0.jpg,100마력
 2000 사브 9-5(1세대),8.8~9.0km/ℓ,가솔린,준대형,"세단,왜건외형전체>",FF,6820,,150마력
 2003 포르쉐 911(5세대),6.6~7.1km/ℓ,가솔린,준중형,"컨버터블,쿠페외형전체>",4WD,21010,http://file.carisyou.com/newcar/color/4272_porsche_9111998_100.jpg,420마력
